(a) integrin-associated fak	p190rhogap
(f)	pyk2
(g)	rhoa
(g) kinase- and y402-dependent	pyk2
(map) kinase	mmp-1
(ngef)	src
(ph) domain	dock2
(ph) domains	ptdins-3,4-p2
(tcr) complex	dex
-6	caspase-8
-6	caspase-9
-7	resveratrol
1 e	areg mrna
1,2-nq	ptp1b
1,2-nq–	h2o2
1,2-nq–	ho-1
10nm	17β-estradiol
12-lipoxygenase	glutamate
15d-pgj2	erk
15d-pgj2	nfκb
16h3 antibody	sr proteins
17-aag	akt
17-aag	hsp90
17-allylamino-17-demethoxygeldanamycin	hsf1
17-beta estradiol	subcellular distribution of beta catenin
17-bmp	cxcl8
17-bmp	lps-stimulated
17β-estradiol	10nm
2	ang ii
2	curcumin
2	gcda
2	lats
2	mir-210
2	raf
2	rassf1a
2,3,7,8-tetrachlorodibenzo-p-dioxin	hepa1c1c7
2-acetylphenothiazine	nox1
20s	c/ebpα
20s proteasomal	p63
20s proteasome (fig. 4c)	nqo1
3'utr sites	mir-24
3-mc	ahrr
3-phosphoinositide-dependent kinase-1	pkcθ
4ebp1	mtor kinase
4ebp1	raf-mek-erk
5-fluorouracil	thymidylate synthase
5-fu	ato
5-fu	hepg2
5-fu	thymidylate synthase
5-ht2a, etb and eta receptors	shs
5-lipoxygenase	ndga
6-hitc	gclm
6-hydroxydopamine	xbp1
8-iso-pgf2α	cox-1
[32p]gtp-gst-rac1	sos1
[3h]thymidine	propranolol
[3h]thymidine	yohimbine
[ca2+]i	akt
[ca2+]i	cadmium
[ca2+]i	erk1/2
[ca2+]i	jnk
[ca2+]i	mtor
[ca2+]i	p38
[ca2+]i	pi3k/akt
a01	p65 mrna
a20, down-regulating ikkα	p65
a20-rip	ikkα
a431	rac ca
a549	resveratrol
a549	si162
abcc1	atp
abcg2	resveratrol
abi1	hspc300
abi1	nh2-terminal sh2 of p85
abi1	p110–p85 complex
abi1	p85
abi1	wave2 molecules
abi1–sos-1 complex	eps8–abi1–sos-1
acape1	ape1
acape1	bax
acape1	p53
acape1	p53-dependent apoptosis of h
acetylcholinesterase	il-1
aciculatin	inos
aciculatin	jnk
acth	pck1
acth	tat
actin	actin binding proteins
actin	alpha-catenin
actin	cadherin
actin	cadherin–catenin complex
actin	cnn2
actin	e-cadherin puncta
actin	e-cadherin–catenin
actin	gelsolin
actin	gelsolin domain 2
actin	gtpases
actin	irsp53
actin	jasplakinolide
actin	n17rac
actin	rac1
actin	rhoa
actin	srf
actin (g-actin)	gelsolin domain 2
actin binding proteins	actin
actin cytoskeletal rearrangements	p130cas
actin-binding protein wip	cdc42 guanosine triphosphatase
actin-related protein (arp) 2	wave2
actin/myosin	cdc42
actin/myosin	rac
actomyosin-dependent integrin	rhoa
ad-akt-dn	beas-2b
ad-jnk	mmp-9
adenylyl	vilip-1
adiponectin	amp
adiponectin	fatty acid
adiponectin	fhc
adiponectin	flc
adiponectin	glucose
adiponectin	nf-κb
adiponectin	nuclear factor (nf)-κb
adiponectin	peroxisome proliferator–activated receptor-α
adp-ribosylcyclase	no
adrenomedullin	camp
afb1	e2f family of transcription factors
ag1478	c-src
ag490	egfr
ahr	ahr nuclear translocator
ahr	ahr-dna binding sites
ahr	arnt
ahr	arnt1
ahr	aryl hydrocarbon receptor nuclear translocator
ahr	b[a]p
ahr	bap
ahr	creb
ahr	cyp1a monooxygenases
ahr	nf-kappab [23]
ahr	promoter
ahr	region
ahr	sites
ahr	tcdd
ahr interacts with hypoxia-inducible factor 1β	hypoxia-inducible factor 1β (hif1β)
ahr nuclear translocator	ahr
ahr nuclear translocator	aryl hydrocarbon receptor
ahr nuclear translocator	dioxin
ahr nuclear translocator	elements
ahr sirna	orf1
ahr-dna binding sites	ahr
ahrr	3-mc
ahrr sirna	orf1
akr1c1	keap1
akt	17-aag
akt	[ca2+]i
akt	akt (ca-akt)
akt	ang ii
akt	areg
akt	arsenic
akt	ato
akt	bim
akt	caspase-3
akt	caspase-9
akt	chk1
akt	cyclin d1
akt	dn-akt
akt	egf
akt	egf stimulation
akt	emt-inducing transcription factors zinc-finger e-box–binding homeobox factor 1
akt	fmlp
akt	gsk3β
akt	gtp
akt	mapk
akt	microcystin-lr
akt	mtorc2
akt	nac
akt	nf-at
akt	ngf
akt	p53
akt	pdgf-bb
akt	protein phosphatase 2a (pp2a)
akt	pten
akt	resveratrol
akt	rgs17
akt	rhuepo
akt	rsv
akt	s6k1
akt	serine
akt	vegfr-3
akt	wild type akt (wt-akt)
akt	zinc
akt (ca-akt)	akt
akt and erk	copper
akt and erk	foxo transcription factors
akt kinase	resveratrol
akt sirna	igf-1
akt-insensitive mutant	catalase
aldh6	rar
alk	crizotinib
alkaline phosphatase	beta-catenin
alkaline phosphatase	catenin
all-trans-retinoic acid	their nuclear receptors: retinoic acid receptors
alpha 12)	guanine nucleotide
alpha-catenin	actin
alpha2 (i) collagen	element
amifostine	cyclin-dependent kinase inhibitor
amifostine	nuclear factor-κb, activator protein-1
amifostine	p21
amifostine	p53
amp	adiponectin
amp	glut1
amp	trans-resveratrol
amp-pnp	khk-a
amp-pnp	khk-c
amphiregulin (areg)	egfr
ampk	ir
ampk	pi3-k
ampk	resveratrol
ampk	rsv
androgen	ar
androgen	baf57
androgens	her-2
ang ii	2
ang ii	akt
ang ii	nadph
ang ii	p38mapk
ang ii	slc30a
ang ii	zinc
annexin-v–fitc	phosphatidylserine
annexin-v–fitc	residues
anti-cd3	pkcθ
anti-cd3–	nfat
anti-cd3–	pdk1
anti-csk antibody	src-ptyr-529
anti-ect2 antibody (fig. 1 c	ect2
anti-histone antibodies	histones
anti-keap1	keap1
anti-nrf2	keap1
anti-p65 antibody	p65
ap-1	mdr1
ap-1	nf-κb
ap-1	nicotine
ap-1	pcna
ap-1	pkcθ
ap-endonuclease	p53
ap1	rar subtypes
ap2	coat
apaf-1	cyt c
apaf-1	doxorubicin
apaf-1	procaspase-9
apc	p120
apc	β-catenin
ape1	acape1
ape1	ape1 interacts with estrogen alpha receptor
ape1	c-myb
ape1	flag- tagged
ape1	mdr1
ape1	nf-κb
ape1	p300
ape1	p53
ape1	pax5
ape1	pax8
ape1	yb-1
ape1 interacts with estrogen alpha receptor	ape1
apocynin	ccl2
apocynin	ccl5
apocynin	hur
apr	cholesterol
ar	androgen
ar	her-2/neu
ar	il-13
ar	p85
ar	p85/pi3k
ar	pi3k
ar	psa
ar and erα	pi3k enzyme
ar- and erα-associated pi3k	res
ara70	erα
arc	dnm2
areg	akt
areg	egfr
areg	egfr ligand
areg	erk
areg mrna	1 e
arf	gga3
arf	membrane
arf	pi-4p-5 kinase isoform
arf	pld1
arf gtpase family	rho proteins
arf proteins	pip5k
arf6	arno
arf6	dephospho-pip5ki
arf6	gdp
arf6	gst-kalsr4-7
arf6	kalirin
arf6	kalirin5
arf6	pip5k
arf6	rac [7]
arf6	rac1
arf6	rac1-gtp
arf6	s264a enzyme
arf6	s264a mutant
arf6	sr5
arf6	sr5 of kalirin
arf6	sr5-6
arf6	trio sr1 (fig. 2)
arf6 for ca2+-dependent dcv exocytosis	pip5k
arf6-gdp	arno
arf6-gdp	kalirin
arf6-gdp	kalirin5
arf6-gdp	spectrin repeats
arf6q67l	ca2+
arf6q67l	pip5k
arhgef10	arhgef10-rhoa
arhgef10	kif3b
arhgef10	kinesin-like motor protein kif3b
arhgef10	rhoa
arhgef10-rhoa	arhgef10
arm domains	p120-e-cadherin
arno	arf6
arno	arf6-gdp
arno	madin
arno	pld
arno	rac
arno	t-butanol
arno family members	grasp
arnt	ahr
arnt	regions
arnt1	ahr
aromatase	atr
aromatase	pge2
aromatase	µg/l) atr
aromatase promoter	egf (50 µg/l)
aromatase promoter	forskolin
aromatase reporter	atr
arp3 protein	wasp
arsenic	akt
arsenic	egf
arsenic	estrogen receptor
arsenic	hif-1
arsenic	vegf
arsenite	cox-2
arsenite	cyclin d1
arsenite	id1
arsenite	k-ras
aryl hydrocarbon receptor	ahr nuclear translocator
aryl hydrocarbon receptor	bap
aryl hydrocarbon receptor	cyp1a1
aryl hydrocarbon receptor	dioxin
aryl hydrocarbon receptor	tcdd
aryl hydrocarbon receptor (ahr) complex	persistent environmental toxin
aryl hydrocarbon receptor (ahr) complex	tcdd
aryl hydrocarbon receptor nuclear translocator	ahr
as2o3	berberine
as2o3	erk
as2o3	mcf-7
as2o3	notch-1
as2o3	notch-1 downstream genes
as2o3	skbr-3
asa	bcl-2
asbestos	g proteins
aspc-1	foxo3a
aspc-1	foxo3a-tm
at-rich consensus sites	egfr
at1r	fak
at1r	p130cas
at1r	p38 mapk
at1r	ups
atad2	nucleotide
atl	inos
ato	5-fu
ato	akt
ato	bim
ato	hepg2
ato	jnk
ato	na+
ato	rictor
ato	thymidylate synthase
atp	abcc1
atp	glut1
atp	igg
atr	aromatase
atr	aromatase reporter
atr	camp
atr	mapk
atr	nr4a receptors
atr	nr4a receptors (nor1
atr	nr5a receptor
atr	nr5a receptors
atr	nu6027
atr	p53
atr	pi3k
atr	protein kinase b
atr	sf-1
atr	temozolomide
atr	zcyp19a1
atr-kd	doxycyclin
axin	glycogen synthase kinase (gsk)-3β
axl kinase	xl880
b cell antigen receptor	b cell antigen receptor (bcr)
b cell antigen receptor	bam32 is tyrosine-phosphorylated upon b cell antigen receptor
b cell antigen receptor (bcr)	b cell antigen receptor
b-raf	bay43-9006
b-raf	iqgap1
b-raf	mek1
b-raf	vegf
b-raf kinase	gtp-ras
b18	p65 mrna
b[a]p	ahr
b[a]p	mpp2
b[a]p	nqo1
baf	baf57 subunit of the complex
baf	pcaf
baf	ppr-perk-pmsk1
baf	pr
baf complex	h3k14ac
baf complex	h4 peptides
baf complex	histone
baf complex	histone h3k14ac
baf complex	pr
baf subunits	h3
baf155	baf57
baf155	brg1
baf250	glucocorticoid receptor recruits a brg1-containing complex
baf250	pr
baf57	androgen
baf57	baf155
baf57	pr
baf57 subunit of the complex	baf
baf57 subunit of the complex	pr
bak	curcumin
bak	mcl-1
bam32	bcr
bam32	btk
bam32	cd40
bam32	ph domain
bam32	phospholipase cγ2
bam32	pi3k
bam32	plcγ1
bam32	plcγ2
bam32	sh2 domain
bam32	tyrosine
bam32 is tyrosine-phosphorylated upon b cell antigen receptor	b cell antigen receptor
bam32 membrane	btk ph domain
bam32 ph domain	btk ph domains
bam32 ph domain	ph domains
bam32 ph domain	pi3k-dependent
bam32 ph domain	with
bap	ahr
bap	aryl hydrocarbon receptor
bap	bpde
bap	brca1
bap	nrf2
bap	sesn1
bap	α-nf
bapta/am	mtor
bar	wortmannin
baseline	bpa
bax	acape1
bax	bh3-only proteins
bax	cyclin d1
bax	extracellular signal-regulated kinase 1
bax	mcl-1
bax	ndrg2
bax	p53
bax	pdgf-bb
bax	pro-apoptotic
bax	promoters
bay43-9006	b-raf
bay43-9006	erk
bcl-2	asa
bcl-2	beclin 1
bcl-2	capase-3/7
bcl-2	curcumin
bcl-2	hmgb1
bcl-2	mir-24
bcl-2	mir-24-2
bcl-2	nac1
bcl-2	ndrg2
bcl-2	p53
bcl-2	sulforaphane
bcl-2	zebularine
bcl-2 family	erk-dependent
bcl-xl	caspase-9 protease
bcl-xl	clptm1l
bcl-xl	rela
bcl-xl	resveratrol
bcl2	mir-16
bcr	bam32
bcr	erk
bcr	igm
bcr	jnk, and p38
bcr	shc
bcr-induced	pkc
bcr/abl	imatinib
bcrp	nrf2
bdm	myosin
beas-2b	ad-akt-dn
beclin 1	bcl-2
benzoylperoxide	gjic
berbamine	ikkα
berbamine	iκbα
berbamine	nf-κb
berbamine	nf-κb-regulated gene products
berbamine	p65
berberine	as2o3
berberine	erk
berberine	pkcα
beta-catenin	alkaline phosphatase
beta-catenin	estrogen receptors alpha
beta-catenin	licl
beta-catenin	p53
beta-galactoside	galectin-3-binding protein (lgals3bp) –
bh3-only proteins	bax
biliverdin reductase b	calycosin
bim	akt
bim	ato
bim	c-jun
bim	caspase-3
bim	foxo3a
bim	jnk
bim	ly294002
bl70	dox
bmi-1	ddr pathway
bpa	baseline
bpa	c-fos
bpa	ccnb2
bpa	cyr61
bpa	ers
bpa	estrogen receptor
bpa	estrogen receptors
bpa	fos
bpa	g protein-coupled receptor (
bpa	gna12
bpa	gpr30
bpa	insulin receptor
bpa	leptin mrna
bpa	matrix metallopeptidase 11
bpa	nr4a1
bpa	p53
bpa	prb
bpa	sox8
bpde	bap
bpde	egfr
bps	jnk
brafv600e	cyclin d1
brca1	bap
brca1	c-myc
brca1	cadmium
brca1	cbp
brca1	cisplatin
brca1	cyclin d1
brca1	ddb2
brca1	er-α
brca1	erα
brca1	histones
brca1	m344
brca1	ner genes
brca1	swi/snf
brca1	tamoxifen
brca1	ugt1a1
brca1	ugt1a9
brca1 knockdown increased erα-coactivator	erα-coactivator (
brd7389	insulin
brg1	baf155
btk	bam32
btk	pyk2
btk ph domain	bam32 membrane
btk ph domains	bam32 ph domain
butaprost	dexamethasone
bv-2	resveratrol
bxpc-3	zol
c-ab	glut1
c-ab	glut1 c terminus
c-abl	c-src
c-abl	p38 mitogen activated protein kinase
c-abl	p53
c-abl	rassf1a
c-cbl	c-src
c-cbl	fyn kinase
c-cbl	mehg
c-cbl	vegfr-2
c-fos	bpa
c-fos	cyclin d1
c-fos	e2
c-jun	bim
c-kit	protein-α (c/ebpα
c-met	crkl
c-met	gab1
c-met	gab2
c-met	grb2
c-met	sh2 domain
c-met receptor	gab1
c-met receptor tyrosine kinase	gab1
c-myb	ape1
c-myc	brca1
c-myc	cisplatin
c-myc	dasatinib
c-myc	microcystin-lr
c-myc	p53
c-myc	tcf4
c-peptide	na,k-atpase
c-peptide	na,k-atpase isoform
c-peptide	na,k-atpase protein
c-peptide	na,k-atpase α1-subunit
c-peptide	na,k-atpase α1-subunit protein
c-peptide	zeb
c-raf	mek1
c-ret	dok family proteins
c-ret	dok proteins
c-ret	dok-2
c-ret	dok-5
c-ret	p62dok family members
c-ret	ptb domain
c-sh3 domain	domain
c-sh3 domain	p66shcch2
c-src	ag1478
c-src	c-abl
c-src	c-cbl
c-src	domain
c-src	egfr
c-src	iqgap1
c-src	nectin-based cell–cell adhesion sites
c-src	rapamycin
c-src	vegfr-2
c-src with y1057 of vegfr-2	sh2 domain
c-terminal antibody	to
c/ebp element	c/ebpβ
c/ebp-β	orf1
c/ebpα	20s
c/ebpα	c/ebpα element
c/ebpα	ebpα binding site
c/ebpα	nqo1
c/ebpα	p63
c/ebpα element	c/ebpα
c/ebpα protein	p63
c/ebpβ	c/ebp element
c2 domains	mctp1
c2-binding component c2ii	c2in-c3 fusion toxin
c21h18no4cl	pb+lps-associated tnf-α
c2c12	egta
c2in-c3 fusion toxin	c2-binding component c2ii
c3	rho
c3	rhoa
c3 transferase	rac
c3g	gab1-crkl
ca mutants	irsp53
ca2+	arf6q67l
ca2+	calbindin-28k
ca2+	cam
ca2+	pip5k
ca2+	sgk1
ca2+/cam-regulated lipid-dependent switch	cam
caco2	si162
cadherin	actin
cadherin	cadherins
cadherin	catenins
cadherin	cyclin-dependent kinase inhibitor
cadherin	gtpase
cadherin	p120
cadherin	rho gtpases regulators
cadherin	tail
cadherin	β-catenin
cadherin complex	catenins
cadherin complexes	p120
cadherin extracellular domains	cadherin–catenin complexes
cadherin juxtamembrane domain	p120
cadherin superfamily	cadherin–p120
cadherins	cadherin
cadherins	p120
cadherins	p120 catenin
cadherin–catenin complex	actin
cadherin–catenin complex	zo-1
cadherin–catenin complexes	cadherin extracellular domains
cadherin–p120	cadherin superfamily
cadmium	[ca2+]i
cadmium	brca1
cadmium	cyclin (cyc) d1
cadmium	cyclin d1
cadmium	er
cadmium	erk
cadmium	erα
cadmium	fura-5f
cadmium	gh3
cadmium	p38
cadmium	p63
cadmium	prolactin
calbindin-28k	ca2+
calcium	cam
calcium	dioxin
calmodulin	obscurin fragment
calmodulin	obscurin fragments
calmodulin	obscurin iq domain
calmodulin-beads	ob51
calpain	calpain sirna (figure 2d)
calpain sirna (figure 2d)	calpain
calycosin	biliverdin reductase b
calycosin	erk1/2
calycosin	estrogen receptors
calycosin	pnpo
calycosin	thioredoxin peroxidase b
cam	ca2+
cam	ca2+/cam-regulated lipid-dependent switch
cam	calcium
cam	cd
cam	cfp-kras
cam	cooh
cam	kras
cam	membrane
cam	neurogranin
cam	obscurin
cam	rap1a
camp	adrenomedullin
camp	atr
camp	cgrp
camp	pge2
camp	vilip-1
cap	nf-κb
capase-3	resveratrol
capase-3/7	bcl-2
capase-3/7	resveratrol
captopril	p38
car3	estrogen
cas	crk
cas	pr-1
cas sh3	crk-mediated
cas δsh3	jnk
cas/	crk
caspase	mn
caspase 3	glu
caspase-1	p20 subunits
caspase-1	tnf-α
caspase-1 monomers	nalp1
caspase-2	chk1
caspase-3	akt
caspase-3	bim
caspase-3	caspase-9
caspase-3	caspase-activated
caspase-3	caspases
caspase-3	dnase
caspase-3	doxorubicin
caspase-3	morphine
caspase-3	n-acetylcysteine
caspase-3	pdgf-bb
caspase-3	pp2a-related akt
caspase-3	resveratrol
caspase-3.33	universally expressed membrane-associated cytoskeletal protein.31 full-length spectrin αii
caspase-3/-7	resveratrol
caspase-6	doxorubicin
caspase-8	-6
caspase-8	caspase-9
caspase-8	caspases-3
caspase-8	doxorubicin
caspase-8	etoposide
caspase-8	mnsod
caspase-8	p53
caspase-8	ptpn13
caspase-9	-6
caspase-9	akt
caspase-9	caspase-3
caspase-9	caspase-8
caspase-9	caspases-3
caspase-9	doxorubicin
caspase-9	mcl-1
caspase-9	resveratrol
caspase-9 protease	bcl-xl
caspase-activated	caspase-3
caspases	caspase-3
caspases	fadd
caspases-1	doxorubicin
caspases-3	caspase-8
caspases-3	caspase-9
catalase	akt-insensitive mutant
catalase	foxo1
catalase	foxo1-ca
catalase	h2o2
catalase	zinc
catalase	znt3
catalase protein	zinc
catenin	alkaline phosphatase
catenin	fyn/src kinases
catenin	p120
catenin proteins	e-cadherin
catenins	cadherin
catenins	cadherin complex
catenins	e-cadherin
cathepsin b	paclitaxel
cav1	creb
cbl	egf-triggered receptor
cbp	brca1
ccl2	apocynin
ccl2	h2o2
ccl2	hrp
ccl2 3'utr	hur
ccl2 transcript	hur
ccl5	apocynin
ccnb2	bpa
ccne1	cyclin e1
ccne1	ovcar-8
ccne1	tpx2
ccne1	tpx2 gene
ccng1	ins2
cd	cam
cd	cyclins d1
cd	e2-responsive genes
cd	erk1
cd	protein phosphatase 5
cd	sh-sy5y
cd	tnf
cd11b	dasatinib
cd11b	pd98059
cd14	pcb-153
cd14	tcdd
cd14/lps-binding protein	cd14/lps-binding protein and toll-like receptor-4
cd14/lps-binding protein and toll-like receptor-4	cd14/lps-binding protein
cd154	cd40
cd19	vav
cd2+	chop
cd2+	cycloheximide
cd2+	erk
cd2+	procaspase-3
cd2+	procaspase-9
cd2+	tcf4
cd2+	topflash
cd2+	β-catenin
cd28	cd3/
cd28	ctla-4
cd28	lck
cd28	pi3-k
cd3/	cd28
cd38	et-1
cd38	nox1
cd38	o2·−
cd38	u46619
cd38	x/xo
cd40	bam32
cd40	cd154
cd40	cd40l
cd40	fasl
cd40	jak-stat
cd40	membrane
cd40	tumor necrosis factor receptor-associated factor (traf
cd40l	cd40
cd40l	ceramide
cd40l	membrane
cd40∶cd154	fasl
cd40∶cd154	necrosis
cd40∶cd154 receptor-ligand	h-r
cd44	vcam-1/vla-4
cd44 receptor	erm
cd95	cisplatin
cdc2	cdkn2d
cdc2	p21
cdc2	spk2
cdc2	tfdp-1
cdc25a	chk1
cdc25a	chk2
cdc25c	chk1
cdc34	kip1
cdc42	actin/myosin
cdc42	cdc42-specific effector wasp
cdc42	e-cadherin
cdc42	gtp
cdc42	intersectin 2
cdc42	n-wasp
cdc42	nectin
cdc42	nectins
cdc42	p120
cdc42	pak
cdc42	pak1
cdc42	rho
cdc42	srf
cdc42	tnk2
cdc42	wasp
cdc42 guanosine triphosphatase	actin-binding protein wip
cdc42 guanosine triphosphatase	wasp
cdc42 guanosine triphosphatase	wip
cdc42 using the p21-binding domain of pak	rac- and cdc42-gtp
cdc42 will subsequently activate fa-associated pak1	fa-associated pak1
cdc42-specific effector wasp	cdc42
cdc42hs	rhoa
cddp	erk
cddp	p38
cdk	cdk inhibitors
cdk	cyclin/cdk complexes
cdk inhibitors	cdk
cdk inhibitors	cyclin/cdk complexes
cdk-4	p21waf-1/cip1
cdk2	e2f1/tfdp1
cdk2	gw8510
cdk4	ckd4-binding protein
cdk4	retinoblastoma
cdk4	sei1
cdkn1a	ins2
cdkn2d	cdc2
cdkn3	p21
cdm family proteins (caenorhabditis elegans	cytoskeleton
celecoxib	cox-2
celecoxib	cox-2 protein expression
celecoxib	p21
celecoxib	p53
celecoxib	parp
celecoxib	u373mg
cell membrane	e2
ceramide	cd40l
cfp-kras	cam
cgrp	camp
chk1	akt
chk1	caspase-2
chk1	cdc25a
chk1	cdc25c
chk1	chk1 sirna
chk1	dmc
chk1	ve-821
chk1 sirna	chk1
chk2	cdc25a
chk2	p53
chk2	resveratrol
chloroquine	e-cadherin
chloroquine	tat
cholesterol	apr
cholesterol	hdl
cholesterol	hdl)
cholesterol	nps
cholesterol	orphan receptor-α
chop	cd2+
chop	tcf4
cisplatin	brca1
cisplatin	c-myc
cisplatin	cd95
cisplatin	cne-2
cisplatin	connexin 43
cisplatin	cp70
cisplatin	e-cadherin
cisplatin	eif3a
cisplatin	ht-29
cisplatin	mkk3
cisplatin	nf-kb
cisplatin	p38mapk
cisplatin	p53
cisplatin	p73
cisplatin	ph2ax
cisplatin	rosiglitazone
cisplatin	s16
cisplatin	t505
cisplatin	talin
cjun nh2-terminal kinase	lrp-1
ckd4-binding protein	cdk4
clathrin	coat
clptm1l	bcl-xl
cne-2	cisplatin
cnn2	actin
coat	ap2
coat	clathrin
cocl2	hif-1α
cocl2	p38mapk
cofilin	dndia1
cofilin	limk1
collagen type i	nicotinamide
connexin 43	cisplatin
connexin 43	src
cooh	cam
cooh	gefs
cooh	ig-like domains
cooh	kras
cooh	rac
cooh	rac gefs tiam1 (fig. 1 b
cooh	rac1
cooh	tiam1 (fig. 1 b)
cooh	titin
cooh	vav2
cooh terminus of rac1	β-pix
copper	akt and erk
copper	focal adhesion kinase (fak)
copper	hif-1α
copper	hif-1α protein
corticosteroids	glucocorticoid receptor
coumesterol	erks
cox-1	8-iso-pgf2α
cox-1	mpges-1
cox-1	pge2
cox-1	resveratrol
cox-1	resveratrol-4′-o-sulfate
cox-1	sc-560
cox-2	arsenite
cox-2	celecoxib
cox-2	cr(vi)
cox-2	curcumin
cox-2	ddt
cox-2	dex
cox-2	ikk/nfκb
cox-2	ikkβ-km
cox-2	nimesulide
cox-2	piroxicam
cox-2	resveratrol
cox-2	tcdd
cox-2	tmp
cox-2 protein expression	celecoxib
cox2/ptgs2	tnf
cp70	cisplatin
cp70	sixpf
cpdt	keap1
cpdt	nrf2
cpdt	ub
cpx	erk1/2
cpx	lec tube
cpx	vegfr-3
cpx	vegfr-3 in lecs
cpx	vegfr-3-mediated erk1/2 pathway
cr(vi)	cox-2
cr(vi)	h460
cr(vi)	jnk
cr(vi)	mapks
cre	doxycycline
creb	ahr
creb	cav1
creb	erα
creb	erβ
creb	mitogen-activated protein kinase (mapk)-dependent
creb	resveratrol
crizotinib	alk
crk	cas
crk	cas/
crk	dock180
crk	mir-126
crk	p130cas
crk	p130cas–crk complexes
crk	rac
crk	sh2 domain
crk	terminus
crk ips	v-src
crk-mediated	cas sh3
crk-mediated	rac
crkii	rac1
crkl	c-met
crkl	gab1
crkl	sh2 domain
crocidolite asbestos	heme oxygenase 1 (ho-1
crocidolite asbestos	tnfrs10b
cs	egfr
cs specific carcinogen bpde	egfr
csa	cyclin inhibitor p21
csa	ngf
csk	pag/cbp
csk	src
csk	src tyr-418
csk	αiibβ3
ctla-4	cd28
cu	losartan
cu	p38 mapk
cul3	keap1
curcumin	2
curcumin	bak
curcumin	bcl-2
curcumin	cox-2
curcumin	cyclin e
curcumin	i-κb
curcumin	il-6
curcumin	iκb-α
curcumin	mmp-2
curcumin	nf-κb
curcumin	nfκb
curcumin	nfκb transcription factor
curcumin	nuclear factor-kappab-mediated cytokine
curcumin	p-p65
curcumin	p21
curcumin	p50
curcumin	p53
curcumin	p65 mrna
curcumin	phospho-mkp-1
cxcl8	17-bmp
cxcr3	i-tac
cxcr3	ip-10
cxl1 (chemokine ligand 1	egr-1
cxl1 (chemokine ligand 1	il-6
cxl1 (chemokine ligand 1	interleukin-6
cxl1 (chemokine ligand 1	osm (
cyclic nucleotides	vilip-1
cyclin (cyc) d1	cadmium
cyclin b-ubiquitin ligase	mad2l1
cyclin d1	akt
cyclin d1	arsenite
cyclin d1	bax
cyclin d1	brafv600e
cyclin d1	brca1
cyclin d1	c-fos
cyclin d1	cadmium
cyclin d1	egf
cyclin d1	egfr
cyclin d1	egfr tyrosine kinase inhibitors (egfr-tki) suppress cell growth
cyclin d1	egr-1
cyclin d1	erk1/2
cyclin d1	estrogen
cyclin d1	fkhrl1
cyclin d1	flll32
cyclin d1	foxm1
cyclin d1	indomethacin
cyclin d1	mir-34b
cyclin d1	mirna (mir)-34b
cyclin d1	p27
cyclin d1	resveratrol
cyclin d1	stat3
cyclin d1	tcf4
cyclin dependent kinase inhibitors (cdkis)	cyclin/cdk complexes
cyclin e	curcumin
cyclin e [28]	p21
cyclin e1	ccne1
cyclin e1	tpx2
cyclin inhibitor p21	csa
cyclin-dependent kinase inhibitor	amifostine
cyclin-dependent kinase inhibitor	cadherin
cyclin-dependent kinase inhibitor	wr-1065
cyclin-dependent kinases	p21
cyclin-dependent kinases [23]	p21
cyclin-dependent kinases [23]	p53
cyclin/cdk complexes	cdk
cyclin/cdk complexes	cdk inhibitors
cyclin/cdk complexes	cyclin dependent kinase inhibitors (cdkis)
cyclins d1	cd
cycloheximide	cd2+
cyclooxygenase	il-1β
cyclooxygenase	il1b
cyp19a1	nr5a receptors
cyp1a monooxygenases	ahr
cyp1a1	aryl hydrocarbon receptor
cyp1a1	rar
cyp1a1	rarb
cyp1a1	tcdd
cyr61	bpa
cyr61	hpte
cysteine	pb
cysteine	pimonidazole
cysteine	thiols
cyt c	apaf-1
cytc	procaspase9
cytochalasin d	srf
cytochrome c	partner apoptotic protease activating factor-1
cytokine receptor	p130cas
cytoplasm	β-catenin
cytoskeleton	cdm family proteins (caenorhabditis elegans
cytoskeleton	efa6
cytoskeleton	lck-shp2
dapp1	pi(3,4,5)p3
darpp-32-thr-34	mn
dasatinib	c-myc
dasatinib	cd11b
dasatinib	ephb4
dasatinib	hl60
dasatinib	mek/erk
dasatinib	pd98059
dasatinib	pdgfr
dasatinib	stat1
dasatinib	stat3
dbl homology (dh) domain of β-pix	rac1
ddb2	brca1
ddi	telomerase
ddr pathway	bmi-1
ddt	cox-2
death receptor	large catalytic subunit
death receptors dr4	trail
deoxycytidyl transferase	rev1 [20]
deoxyuridine triphosphate nucleotidohydrolase	dutp
dephospho-pip5ki	arf6
dex	(tcr) complex
dex	cox-2
dex	ifn-γ
dex	il-10
dex	il-1α
dex	il-1β
dex	tnf mrna
dexamethasone	butaprost
dexamethasone	licl
dexamthasone	ep2 receptor
dh domain	ph domain
dh-ph motif	rac
dh-ph motif	rhog
dhfr	gsk3
dhfr	β-catenin
dhr-1	dock2
diarylheptanoids	estrogen
dicumylperoxide	gjic
dideoxyinosine	telomerase
diethylstilbestrol	mir-34b
dioxin	ahr nuclear translocator
dioxin	aryl hydrocarbon receptor
dioxin	calcium
dioxin	heme
dioxin	tcdd
diphenyleneiodonium sulfate	o2·−
dll1	hes5
dll1	notch1
dmc	chk1
dmso	β-actin
dn-akt	akt
dna methyltransferase 1	il-6
dna repair enzyme	p53
dna-dependent protein kinase	vorinostat
dnase	caspase-3
dndia1	cofilin
dnm2	arc
dnm2	transcription factor
dnmt1	suv39h1 histone methyltransferase
dock180	crk
dock180	p130cas
dock180	p130cas–crk complex
dock180	rac
dock180	sh3 domains
dock180 module	p130cas
dock2	(ph) domain
dock2	dhr-1
dock2	pi(3,4)p2
dock2	rac
dok family proteins	c-ret
dok members	rasgap
dok proteins	c-ret
dok-2	c-ret
dok-2	tie-2
dok-4	egfr (fig. 1
dok-4	tie-2 receptor
dok-4/5	elk-1
dok-4/5 proteins	rasgap
dok-5	c-ret
dok3	rasgap
domain	c-sh3 domain
domain	c-src
domain	egfr
domain	egfr monoclonal antibody 528
domain	grb2
domain	p120ctn
domain	ph domain
domains	ph
domains	traf
dox	bl70
dox	monoher
dox	mtor
doxorubicin	apaf-1
doxorubicin	caspase-3
doxorubicin	caspase-6
doxorubicin	caspase-8
doxorubicin	caspase-9
doxorubicin	caspases-1
doxorubicin	s4b
doxorubicin	topoisomerase ii
doxycyclin	atr-kd
doxycyclin	parp
doxycyclin	parp activity
doxycycline	cre
dp receptor (dp1)	membrane-bound dp receptor
drosophila	mapk
dual specific protein phosphatase 1 (dusp1	nf-κb
dual specificity phosphatase 1	mapks
dusp1	jnk
dusp1	p38 (12)
dutp	deoxyuridine triphosphate nucleotidohydrolase
dutpase	e2f family members
dutpase	p53
dutpase	p53mut
dutpase	sp1
dutpase gene	p53
dutpase mrna	oxaliplatin
dutpase promoter	e2f
dutpase promoter	nfκ-b
dutpase promoter	p53
dutpase promoter	sp1
dutpase protein	oxaliplatin
dutpase protein	p53
e-box	mycer
e-box	mycv394der
e-cadherin	catenin proteins
e-cadherin	catenins
e-cadherin	cdc42
e-cadherin	chloroquine
e-cadherin	cisplatin
e-cadherin	f-actin
e-cadherin	p120
e-cadherin	p120 arm repeats
e-cadherin	p120 sequences
e-cadherin	p120-related protein
e-cadherin	p120–
e-cadherin	p27kip1
e-cadherin	plakophilin-3
e-cadherin	presenilin-1
e-cadherin	ps1
e-cadherin	rac
e-cadherin	rac1
e-cadherin	region
e-cadherin	slug transcription factor
e-cadherin	ubiquitin
e-cadherin	α- and β-catenins
e-cadherin	α-catenin
e-cadherin	β-catenin
e-cadherin puncta	actin
e-cadherin-catenin	β-catenin
e-cadherins	p120
e-cadherin–catenin	actin
e1057/ckr)	src
e2	c-fos
e2	cell membrane
e2	e2-responsive genes
e2	erα
e2	igf-i
e2	igf-ir
e2	kip1
e2	mapk
e2	mir-34b
e2	mir-34b/c
e2	s118
e2 [19]	h17β-hsd12
e2-responsive genes	cd
e2-responsive genes	e2
e2/erα	igf-i
e2/erα	igf-ir
e2f	dutpase promoter
e2f family members	dutpase
e2f family of transcription factors	afb1
e2f site-mutant	oxaliplatin
e2f1/tfdp1	cdk2
e3 ligase	mcl-1
e3 ubiquitin ligase	p53
e3-ligase	myc–max complexes
e3b1	eps8
e3b1	grb2
e3b1	rac
e3b1	sh3 domains
e3b1	sos-1
e3b1–abi-1	nh2
e3b1–abi-1	sos-1
e6	p53
ea	lef-1
ebp-β	orf1
ebpα binding site	c/ebpα
ec-sod	egr-1
ecm proteins	integrin
ect2	anti-ect2 antibody (fig. 1 c
edn1	tnf
efa6	cytoskeleton
efa6	kalirin
efa6	rac
efa6	sr5
egcg	foxo transcription factors [10]
egf	akt
egf	arsenic
egf	cyclin d1
egf	egr-1
egf	gab1
egf	mycv394der
egf	ngf
egf	pi-3 kinase
egf	pstat1
egf	ras/mapk
egf	shp-2
egf	shp-2 protein tyrosine phosphatase
egf	tyrosine
egf (50 µg/l)	aromatase promoter
egf receptor	grb2
egf receptor	shp2
egf stimulation	akt
egf-induced	egf-induced gab1
egf-induced gab1	egf-induced
egf-induced gab1	shp2
egf-triggered receptor	cbl
egfp-pdk1	mrfp-pkb
egfr	ag490
egfr	amphiregulin (areg)
egfr	areg
egfr	at-rich consensus sites
egfr	bpde
egfr	c-src
egfr	cs
egfr	cs specific carcinogen bpde
egfr	cyclin d1
egfr	domain
egfr	egfr kinase domain
egfr	erbb3 receptor
egfr	erk
egfr	erlotinib
egfr	gab1
egfr	gefitinib
egfr	hsp90
egfr	jak-stat3
egfr	monomethylarsonous acid
egfr	muc1
egfr	pcn
egfr	perk
egfr	pr
egfr	rapamycin
egfr	ras
egfr	shc
egfr	shp-2
egfr	sodium arsenite
egfr	src
egfr	stat3
egfr	telomerase
egfr	tobacco specific carcinogen bpde
egfr	trkc
egfr (fig. 1	dok-4
egfr kinase domain	egfr
egfr ligand	areg
egfr ligand	heparin binding-egf
egfr monoclonal antibody 528	domain
egfr tyrosine kinase inhibitors (egfr-tki) suppress cell growth	cyclin d1
egfr/v738inskipvai	gefitinib
egr-1	cxl1 (chemokine ligand 1
egr-1	cyclin d1
egr-1	ec-sod
egr-1	egf
egr-1	h2o2
egr-1	silica
egr-1	u0126
egta	c2c12
eif3a	cisplatin
eif3a	ner
eif3a	ner proteins
element	alpha2 (i) collagen
elements	ahr nuclear translocator
elements	estrogen receptor
elements	stat3
elk-1	dok-4/5
elk1	erks
emax	shs
emt-inducing transcription factors zinc-finger e-box–binding homeobox factor 1	akt
endogenous	myosin-driven
endosulfan	erk
endothelin-1	il-1β
enos	s6k1
entpd5	matrix metallopeptidase 13
ep2 receptor	dexamthasone
epha receptors	ephrin-a5
epha receptors	gcs
epha receptors	juxtamembrane
epha receptors	residues
epha receptors	tyrosine
ephb2 receptors	juxtamembrane
ephb2 receptors	tyrosine
ephb4	dasatinib
ephrin-a2	f-actin
ephrin-a5	epha receptors
ephrin-a5	rho kinase
ephrin-a5	rhoa
epinephrine	il-6
epinephrine	stat-3 ser727
epo	erk
epo	nf-κβ
epor	human
epoxides	h3
epoxides	h4
eps8	e3b1
eps8	eps8–e3b1
eps8	sos-1
eps8	sos1
eps8–abi1	sos-1
eps8–abi1	sos-1dh−
eps8–abi1–sos-1	abi1–sos-1 complex
eps8–abi1–sos-1	p85
eps8–e3b1	eps8
eps8–e3b1	sos-1
er	cadmium
er	erα
er	estrogen receptor modulators
er	estrogens
er	foxm1
er	grip1 coactivator lxxll
er	histone
er	mapk
er	p53
er	tam-bound
er-α	brca1
er-α	estrogen receptor-α
erbb receptors	neuregulin
erbb3 receptor	egfr
ercc1	ner
ere binding receptors	erβ [18]
erk	15d-pgj2
erk	areg
erk	as2o3
erk	bay43-9006
erk	bcr
erk	berberine
erk	cadmium
erk	cd2+
erk	cddp
erk	egfr
erk	endosulfan
erk	epo
erk	fak
erk	frnk
erk	how bcr
erk	lrp-1
erk	mek
erk	msk1
erk	nac
erk	pfoa
erk	pfpea
erk	resveratrol
erk	rhuepo
erk	shp-2
erk	upar
erk	xenoestrogens
erk 1	formoterol
erk-dependent	bcl-2 family
erk-map kinase	mir-21
erk-mapk	pfoa
erk/mapk	pd98059
erk1	cd
erk1	gcda
erk1	p53
erk1	pro-upa
erk1	s2 b
erk1/2	[ca2+]i
erk1/2	calycosin
erk1/2	cpx
erk1/2	cyclin d1
erk1/2	erα
erk1/2	fig. 4c) egf
erk1/2	gcda
erk1/2	losartan
erk1/2	mcl-1
erk1/2	mkk1
erk1/2	na,k-atpase
erk1/2	pcn
erk1/2	rapamycin
erk1/2	shp-2
erk1/2	vegfr-3
erk1/2	zinc
erk1/2 (fig. 1b)	zinc
erk1/2 molecules	mir-210
erk1/2, jnk	il-1β
erk1/2, p38 and jnk [39,40]	tnf-α
erk1/2-	mcl-1
erk1/2- and nf-κb-related	inos
erk2	gcda
erk2	myosin light chain
erks	coumesterol
erks	elk1
erks	shp-2
erks	tpa
erks	trans-resveratrol
erlotinib	egfr
erlotinib	perk
erlotinib	prela
erm	cd44 receptor
erm proteins	wasp
ers	bpa
ers	erα
erα	ara70
erα	brca1
erα	cadmium
erα	creb
erα	e2
erα	er
erα	erk1/2
erα	ers
erα	foxm1
erα	ici
erα	igf-ir
erα	igf-ir/mapkp44/42
erα	mapkp44
erα	mitogen-activated protein kinase (mapk)-dependent
erα	other dna-binding transcription factors, such as ap-1 (activator protein 1
erα	p53
erα	pcna
erα	pi3k
erα	shc proteins
erα target gene	ici
erα target gene	oh-tam
erα-coactivator (	brca1 knockdown increased erα-coactivator
erαser118	igf-i
erβ	creb
erβ	mitogen-activated protein kinase (mapk)-dependent
erβ [18]	ere binding receptors
esr1	estrogen
esr1	ici
esr1	oh-tam
estradiol	igf-ir
estradiol	mir-34b
estrogen	car3
estrogen	cyclin d1
estrogen	diarylheptanoids
estrogen	esr1
estrogen	gsk
estrogen	xenoestrogens
estrogen receptor	arsenic
estrogen receptor	bpa
estrogen receptor	elements
estrogen receptor	pr
estrogen receptor	src
estrogen receptor	steroid
estrogen receptor modulators	er
estrogen receptor-α	er-α
estrogen receptors	bpa
estrogen receptors	calycosin
estrogen receptors	o,p’-ddt
estrogen receptors alpha	beta-catenin
estrogens	er
et-1	cd38
et-1	nox1
et-743	pm00104
etoposide	caspase-8
etoposide	hoc313
etoposide	s4b
ets transcription factor binding site	mmp-1
extracellular signal-regulated kinase (phospho-erk1/2	mmp-1
extracellular signal-regulated kinase 1	bax
extracellular signal-regulated kinase 1	p53
ezrin	gelsolin
f-actin	e-cadherin
f-actin	ephrin-a2
f-actin	g-actin
f-actin	gtpases
f-actin	jasp
f-actin	limk
f-actin	limk1
f-actin	phalloidin
f-actin	srf
f-ea5	rho
fa-associated pak1	cdc42 will subsequently activate fa-associated pak1
factor viia–tissue factor	tissue factor
fadd	caspases
fadd	paclitaxel
fak	at1r
fak	erk
fak	fit
fak	frnk
fak	gefh1
fak	growth factor receptors
fak	integrin
fak	integrin β1 cytoplasmic domain
fak	jnk
fak	lck-shp2
fak	mek1
fak	mmp-9
fak	p130cas
fak	p190rhogef
fak	p21 rho–gtpase
fak	pdgf
fak	pi3k
fak	pr-1
fak	pyk2
fak	rac
fak	rho
fak	shp-2
fak	src
fak	src-homology (sh)3 domain
fak	v-src
fak ips	v-src
fak sirna	nf-kb
fak)	graf (gtpase regulator
fak-	matrix metalloproteinase
fak–src	p21 rho
fak−/− f-actin	pyk2
fas	fasl
fas	rac1
fas	theaflavins
fas receptor	fasl
fasl	cd40
fasl	cd40∶cd154
fasl	fas
fasl	fas receptor
fatty acid	adiponectin
fc fragment	rhoa
fcγriib upon receptor	ship1
ferroportin	hepcidin
fgf receptor	n-cadherin
fgfr1	fgfr1 shrna #1
fgfr1	hgf
fgfr1 shrna #1	fgfr1
fhc	adiponectin
fibrinogen	src
fibrinogen	syk
fibrinogen	αiibβ3
fibronectin	integrin
fibronectin	integrin α5β1
fibronectin	matrix
fidarestat	il-13
fig. 1 d)	p85–abi1
fig. 2 c)	rho (
fig. 2 e	rac1
fig. 2)	igg
fig. 4c) egf	erk1/2
fig. 6 f)	wave2
figure 5b)	siah-1
fit	fak
fit	p130cas
fkbp12	mtor
fkhr	resveratrol
fkhrl1	cyclin d1
fkhrl1	p27
fkhrl1	resveratrol
fkhrl1	trail
flag- tagged	ape1
flag–cofilin	limk
flag–cofilin	rockδ3
flc	adiponectin
flll32	cyclin d1
flll32	ifn-γ
flll32	il 2-induced
flll32	il 2-induced pstat5
flll32	jak2 kinase
flll32	pstat5
flll32	stat3
flutamide	psa
fmlp	akt
fmlp	gfp-grp1ph
fn	mapk
fn	matrix
fn	mef
fn	pak1
fn	raf
fn	s218
fn	smα actin
fn (	myod
fn-associated	rhoa-gtp
fn-associated rhoa	p190rhogef
fn-stimulated	rhoa-gtp
fn-stimulated	v-src
fn-stimulated p190rhogap	v-src
fn3 domains	myosin (titin
focal adhesion kinase (fak)	copper
formoterol	erk 1
forskolin	aromatase promoter
fos	bpa
fos	hpte
foxm1	cyclin d1
foxm1	er
foxm1	erα
foxm1	igg control antibodies
foxm1	mouse
foxm1	oht
foxm1	pparα
foxm1	region
foxm1	regions
foxm1	topo-2α
foxo	pi3k/akt
foxo proteins	resveratrol
foxo transcription factor	resveratrol
foxo transcription factors	akt and erk
foxo transcription factors	resveratrol
foxo transcription factors [10]	egcg
foxo transcription factors [10]	resveratrol
foxo transcription factors [10]	sulforaphane
foxo1	catalase
foxo1	promoter
foxo1	resveratrol
foxo1-ca	catalase
foxo3a	aspc-1
foxo3a	bim
foxo3a-tm	aspc-1
frg	nef-3
frg	pp2
frg	tyrosine
frnk	erk
frnk	fak
fructose	khk isoforms
fructose	khk-a
fructose	khk-c
fsh	fshr
fshr	fsh
fshr	h-pgds-produced
full-length	rac1
fura-5f	cadmium
fyn	mehg
fyn	pp1
fyn	src family members
fyn kinase	c-cbl
fyn kinase	pkc-η
fyn kinase	prk2
fyn/src kinases	catenin
fyve domains	px domains
g protein-coupled receptor	gpr30
g protein-coupled receptor (	bpa
g proteins	asbestos
g-actin	f-actin
g1-s gene	lsf
gab1	c-met
gab1	c-met receptor
gab1	c-met receptor tyrosine kinase
gab1	crkl
gab1	egf
gab1	egfr
gab1	grb2
gab1	igf
gab1	insulin receptors
gab1	mapk
gab1	p85
gab1	pdgf
gab1	ph domain
gab1	ph domain (δph)
gab1	pi(3)k
gab1	pi-3 kinase
gab1	ras/mapk
gab1	shp-2
gab1	shp2
gab1	shp2 following egf
gab1	tyrosine
gab1-c-met	grb2
gab1-crkl	c3g
gab1f446	p85
gab1f627	shp2
gab1y627f	shp-2
gab1–	shp-2
gab2	c-met
gab2	p97
galectin-3-binding protein (lgals3bp) –	beta-galactoside
gamma interferon	gtpbb1
gapdh	hts
gastric peroxidase	indomethacin
gata factor	region
gata-4	hamp promoter
gcda	2
gcda	erk1
gcda	erk1/2
gcda	erk2
gcda	mcl-1
gcda-activated	mcl-1
gcda-activated erk1/2	mcl-1
gclm	6-hitc
gclm	gsh
gcs	epha receptors
gdf15	hamp
gdf15	hepcidin
gdp	arf6
gdp	gst-rac1
gdp	kalirin5
gef	microtubules
gef	p190rhogef
gef	rac1
gef ect2	rhoa
gefh1	fak
gefitinib	egfr
gefitinib	egfr/v738inskipvai
gefs	cooh
gelsolin	actin
gelsolin	ezrin
gelsolin	pi3-kinase
gelsolin [16]	pi3-kinase
gelsolin antibody	tat/fl-gsn gelsolin
gelsolin domain 2	actin
gelsolin domain 2	actin (g-actin)
gfp	p62dokδph-gfp
gfp	pp2
gfp-grp1ph	fmlp
gfp-pdk1	rfp-pkb
gfp-pkcθ	plcz
gga3	arf
gh3	cadmium
gjic	benzoylperoxide
gjic	dicumylperoxide
globulin	immunoglobulins
glu	caspase 3
glu	nmdar
glu	scn2.2
glu-	pld2 ph domain
glucocorticoid receptor	corticosteroids
glucocorticoid receptor (nr3c1)	sgk1
glucocorticoid receptor recruits a brg1-containing complex	baf250
glucose	adiponectin
glucose	ppar
glut1	amp
glut1	atp
glut1	c-ab
glut1	igg
glut1	mct1
glut1	terminus
glut1 c terminus	c-ab
glut2	mct1
glut4	resveratrol
glutamate	12-lipoxygenase
glutamate	pdgf-bb
glycogen synthase kinase (gsk)-3β	axin
glycogen synthase kinase 3 67	nf-at
glycogen synthase kinase-3β	lithium
gna12	bpa
gna12	hpte
gnl2	nucleotide
gnl3	nucleotide
gpr30	bpa
gpr30	g protein-coupled receptor
gr	tf klf9
graf (gtpase regulator	fak)
grasp	arno family members
grb2	c-met
grb2	domain
grb2	e3b1
grb2	egf receptor
grb2	gab1
grb2	gab1-c-met
grb2	grb2/sos
grb2	igf-ir
grb2	l524p
grb2	l524p mutation (δgrb2)
grb2	lat
grb2	mapk
grb2	p66shc
grb2	p66shcy3a
grb2	proline
grb2	region
grb2	sh2 domain
grb2	shc
grb2	shc, and sos
grb2	sos-1
grb2	sos1
grb2 (fig. 2 b)	sos1
grb2/sos	grb2
grip1	ncoa2
grip1 coactivator lxxll	er
growth factor receptors	fak
grp-78	thapsigargin
gsh	gclm
gsk	estrogen
gsk	licl
gsk-3β	microcystin-lr
gsk-3β-mediated	mcl-1
gsk3	dhfr
gsk3	pka
gsk3β	akt
gst-kalsr4-7	arf6
gst-rac	sos-1
gst-rac1	gdp
gst-rac1	gst-rac1δc
gst-rac1	gst-racδc
gst-rac1δc	gst-rac1
gst-rac1δc	paxillin
gst-racδc	gst-rac1
gst-tcf4	β-catenin
gsts, and mrps	nrf2
gtp	akt
gtp	cdc42
gtp	gtpase-activating proteins (gaps)
gtp	jnk
gtp	rac
gtp	rap
gtp	rho
gtp	rho proteins
gtp	tnk2
gtp-ras	b-raf kinase
gtp-rhoa	rockii
gtpase	cadherin
gtpase	gtpase activating proteins (gaps)
gtpase activating proteins (gaps)	gtpase
gtpase-activating proteins (gaps)	gtp
gtpases	actin
gtpases	f-actin
gtpases	pak1
gtpases	srf
gtpbb1	gamma interferon
gtpγs-rhoa	rockii
guanine nucleotide	alpha 12)
gw5074	raf-1
gw8510	cdk2
gw8510	ins2
gw8510	insulin
gw8510	p53
h-pgds-produced	fshr
h-r	cd40∶cd154 receptor-ligand
h-r	hepatocyte
h1299	nicotine
h17β-hsd12	e2 [19]
h2a.x	resveratrol
h2afx	mir-24-2
h2ax	mir-24-2
h2o2	1,2-nq–
h2o2	catalase
h2o2	ccl2
h2o2	egr-1
h2o2	il-8
h3	baf subunits
h3	epoxides
h3	histone
h3	msk1
h3 histone	promoters
h3k14ac	baf complex
h4	epoxides
h4	region
h4 peptides	baf complex
h460	cr(vi)
h460	resveratrol
ha	ha synthase
ha	nlrp3 inflammasome
ha synthase	ha
hamp	gdf15
hamp	k7174
hamp promoter	gata-4
hao1	oxygen
hcas	l1-rtp
hdac1	p53
hdac1	tsa
hdac1[11]	hr
hdl	cholesterol
hdl)	cholesterol
hdl)	nps
hdl)	triglycerides
heat shock protein 27	mapks
hecth9	myc–max complexes
heme	dioxin
heme oxygenase 1 (ho-1	crocidolite asbestos
heme oxygenase-1 (hmox1	heme oxygenase-1 (hmox1; supplementary table 2
heme oxygenase-1 (hmox1; supplementary table 2	heme oxygenase-1 (hmox1
hemoglobin	tnt
hepa1c1c7	2,3,7,8-tetrachlorodibenzo-p-dioxin
heparin binding-egf	egfr ligand
hepatocyte	h-r
hepcidin	ferroportin
hepcidin	gdf15
hepcidin	k7174
hepg2	5-fu
hepg2	ato
hepg2	hgcl2
hepg2	zebularine
her-2	androgens
her-2/neu	ar
hes5	dll1
hes5	jag1
hgcl2	hepg2
hgf	fgfr1
hgf	met
hi	lithium
hif-1	arsenic
hif-1	p300
hif-1	promoter
hif-1	vegf
hif-1α	cocl2
hif-1α	copper
hif-1α protein	copper
hif-1α targets	nickel
histone	baf complex
histone	er
histone	h3
histone	set domain
histone h3k14ac	baf complex
histones	anti-histone antibodies
histones	brca1
hk-2	p21
hl60	dasatinib
hl60	pd98059
hmga2	let-7 family (family of mirnas
hmga2	let-7 mirnas
hmgb1	bcl-2
hmgb1	nac1 (fig. 6)
ho-1	1,2-nq–
hoc313	etoposide
homeo-domain	six1
homologue of	mapk
how bcr	erk
how bcr	jnk, and p38
hpte	cyr61
hpte	fos
hpte	gna12
hpte	nr4a1
hpte	sox8
hr	hdac1[11]
hr	p53
hre1	pr
hre1 [27]	pr
hrp	ccl2
hsf1	17-allylamino-17-demethoxygeldanamycin
hsf1	resveratrol
hsp27	p38 mapk
hsp27	sb202190
hsp70	hsp90
hsp90	17-aag
hsp90	egfr
hsp90	hsp70
hsp90	nci-h1781
hspc300	abi1
ht-29	cisplatin
htert promotor	myc/mad-1 transcription factor
hts	gapdh
huh-7	phip
human	epor
human	zinc
hur	apocynin
hur	ccl2 3'utr
hur	ccl2 transcript
husap	stx2
hydrogen peroxide	tnfrs10b
hydroxylamine	mao
hypoxia-inducible factor 1β (hif1β)	ahr interacts with hypoxia-inducible factor 1β
i-tac	cxcr3
i-tac	ifn-β
i-tac	ifns
i-tac	il-1
i-tac	ip-10
i-tac	ip-10/ humig receptor
i-tac mrna	ifn
i-tac mrna	ifn-γ
i-κb	curcumin
ibuprofen	indomethacin
icam-1	nf-κb transcription factor
icam-1	tnf-α
icam-i	tnf-α
ici	erα
ici	erα target gene
ici	esr1
ici-182,780	signal-regulated kinases 1/2 (erk 1
id1	arsenite
ifn	i-tac mrna
ifn-gamma	no
ifn-β	i-tac
ifn-γ	dex
ifn-γ	flll32
ifn-γ	i-tac mrna
ifns	i-tac
ifnγ	pb
ifnγ	spla2-iia
ig-like domains	cooh
ig-like domains	titin
igf	gab1
igf-1	akt sirna
igf-1	igf-1r
igf-1	p53
igf-1r	igf-1
igf-1r	p53
igf-1r	resveratrol
igf-1r	sp1
igf-i	e2
igf-i	e2/erα
igf-i	erαser118
igf-ir	e2
igf-ir	e2/erα
igf-ir	erα
igf-ir	estradiol
igf-ir	grb2
igf-ir/mapkp44/42	erα
igf-irβ	siigf-ir
igg	atp
igg	fig. 2)
igg	glut1
igg	region
igg	terminus
igg control antibodies	foxm1
igm	bcr
ikb kinase complex)	nemo
ikk	rassf1a
ikk complex	rassf2
ikk/nfκb	cox-2
ikkα	a20-rip
ikkα	berbamine
ikkβ peptide inhibitor (aa t735-e745	nemo
ikkβ-km	cox-2
il 2-induced	flll32
il 2-induced pstat5	flll32
il-1	acetylcholinesterase
il-1	i-tac
il-1	il-6
il-1	inos
il-1	macrophage colony stimulating factor (mcsf
il-10	dex
il-13	ar
il-13	fidarestat
il-13	spdef
il-13	stat (signal transducer and activator of transcription) -6
il-1α	dex
il-1β	cyclooxygenase
il-1β	dex
il-1β	endothelin-1
il-1β	erk1/2, jnk
il-1β	nf-κb
il-1β	piroxicam
il-1β	resveratrol
il-1β	tnf-α
il-1β	tnfα
il-4	il-4rα chain
il-4	irs-2
il-4	stat (signal transducer and activator of transcription) -6
il-4	stat-6
il-4rα chain	il-4
il-6	curcumin
il-6	cxl1 (chemokine ligand 1
il-6	dna methyltransferase 1
il-6	epinephrine
il-6	il-1
il-6	il-6r
il-6	piroxicam
il-6	sgp130
il-6	sirt1
il-6	stat3
il-6	tnf-α
il-6r	il-6
il-8	h2o2
il13ra2	tnf
il1b	cyclooxygenase
il24	tnf
il8	tnf
il8	vanadium
imatinib	bcr/abl
immunoglobulins	globulin
imr32	sb202190
indomethacin	cyclin d1
indomethacin	gastric peroxidase
indomethacin	ibuprofen
inos	aciculatin
inos	atl
inos	erk1/2- and nf-κb-related
inos	il-1
inos	ly333531
inos	pkcβ2
inos	resveratrol
inositol 1,4,5 trisphosphate	phospholipase c (plc)γ
ins2	ccng1
ins2	cdkn1a
ins2	gw8510
ins2	p53
insulin	brd7389
insulin	gw8510
insulin	irs-1
insulin	p53
insulin	ppt
insulin receptor	bpa
insulin receptors	gab1
insulin receptors	ngf
insulin-like growth factor (igf) and integrin-linked kinase	integrin-linked kinase (ilk)
integrin	ecm proteins
integrin	fak
integrin	fibronectin
integrin	matrix
integrin	miz1
integrin	pai-1
integrin	pi3-kinase
integrin	rac
integrin	shp-2
integrin	shp2
integrin	upar
integrin	upar-mediated cell binding to vn independently of integrin
integrin	upar–integrin
integrin engage	rac
integrin heterodimers	upar
integrin α5β1	fibronectin
integrin αiibβ3	src
integrin β1 cytoplasmic domain	fak
integrin-linked kinase (ilk)	insulin-like growth factor (igf) and integrin-linked kinase
integrin-mediated	rho
interleukin-6	cxl1 (chemokine ligand 1
intersectin 2	cdc42
intersectin 2	wasp
intersectin 2 sh3c and sh3e domains	wasp
ip-10	cxcr3
ip-10	i-tac
ip-10	ip-10/ humig receptor
ip-10	ip-10/humig receptor
ip-10/ humig receptor	i-tac
ip-10/ humig receptor	ip-10
ip-10/humig receptor	ip-10
iqgap1	b-raf
iqgap1	c-src
iqgap1	iqgap1 sirna
iqgap1	sh2 domain
iqgap1	vegfr-2
iqgap1 sirna	iqgap1
ir	ampk
ir)-induced akt	resveratrol
ir)-induced ampk	resveratrol
irs-1	insulin
irs-1	p70s6k
irs-1	phospho-i4r
irs-2	il-4
irsp53	actin
irsp53	ca mutants
irsp53	rac
irsp53	rac-dependent
irsp53	wave2
irsp53	wave2 complex
isothiocyanates	nrf2
iκb	resveratrol
iκb kinase α	iκbα
iκb-α	curcumin
iκb-α	nf-κb
iκbα	berbamine
iκbα	iκb kinase α
jag1	hes5
jag1	notch1
jag1	sp600125
jak-stat	cd40
jak-stat3	egfr
jak2 kinase	flll32
jak2-stat3	resveratrol
jasp	f-actin
jasplakinolide	actin
jasplakinolide	srf
jnk	[ca2+]i
jnk	aciculatin
jnk	ato
jnk	bim
jnk	bps
jnk	cas δsh3
jnk	cr(vi)
jnk	dusp1
jnk	fak
jnk	gtp
jnk	jun kinase
jnk	mkk4
jnk	p38
jnk	rac1
jnk	resveratrol
jnk	rhoa
jnk, and p38	bcr
jnk, and p38	how bcr
jnk1	nf-κb
jnk1	tak1
jnk1/2	mkk4
jsi-124	stat1
jun kinase	jnk
junb	mir-155
jund	mir-155
juxtamembrane	epha receptors
juxtamembrane	ephb2 receptors
juxtamembrane	p120
juxtamembrane	rasgap (
juxtamembrane	δ-catenin/nprap
k-ras	arsenite
k-ras	mcl-1
k562	resveratrol
k7174	hamp
k7174	hepcidin
kalirin	arf6
kalirin	arf6-gdp
kalirin	efa6
kalirin	rac
kalirin	rho family gefs
kalirin5	arf6
kalirin5	arf6-gdp
kalirin5	gdp
kalirin5	rac1
kalirin5	rac1 (fig. 4)
keap1	akr1c1
keap1	anti-keap1
keap1	anti-nrf2
keap1	cpdt
keap1	cul3
keap1	nrf1
keap1	nrf2
keap1	nrf2-are
keap1	rbx1
kelch-like ech-associated protein 1	nrf2
kelch-like ech-associated protein 1 (keap1	nrf2
khk isoforms	fructose
khk isoforms	khk-a
khk-a	amp-pnp
khk-a	fructose
khk-a	khk isoforms
khk-a	residues
khk-c	amp-pnp
khk-c	fructose
kif3b	arhgef10
kinase	p190rhogef
kinesin-like motor protein kif3b	arhgef10
kip1	cdc34
kip1	e2
kras	cam
kras	cooh
kras	let-7 family (family of mirnas
kras	membrane
kras	mir-126
kras	rap1a
kras	tumour-suppressor let-7 family
l1-rtp	hcas
l1-rtp	meiqx
l1-rtp	phip
l524p	grb2
l524p mutation (δgrb2)	grb2
l858r	tyrosine
large catalytic subunit	death receptor
large family of phosphatases	mapks
lat	grb2
lat mutant	plcγ1
lats	2
lats	rassf1a
lck	cd28
lck-shp2	cytoskeleton
lck-shp2	fak
lec tube	cpx
lectin	mbl2
lef-1	ea
lef-1	β-catenin
leptin mrna	bpa
let-7 family (family of mirnas	hmga2
let-7 family (family of mirnas	kras
let-7 mirnas	hmga2
let-7 mirnas	myc
licl	beta-catenin
licl	dexamethasone
licl	gsk
licl	β-catenin
lif	sgp130
lim kinase	serum response factor and actin dynamics
limk	f-actin
limk	flag–cofilin
limk	srf
limk t508v	srf
limk1	cofilin
limk1	f-actin
limk1	srf
lipid kinase	pkc
lithium	glycogen synthase kinase-3β
lithium	hi
ll-37	lps binding protein
losartan	cu
losartan	erk1/2
losartan	p38
lps	mapk
lps	mapks
lps	stx2
lps	tlr-4
lps binding protein	ll-37
lps-induced	promoter
lps-induced	sgp130
lps-induced	sulfasalazine
lps-induced cytokine mrna	resveratrol
lps-stimulated	17-bmp
lrp-1	cjun nh2-terminal kinase
lrp-1	erk
lrp-1	rac1
lrp-1	upar
lrp-1 antisense rna	upar
lrp-1 with receptor-associated protein	rac1
lsf	g1-s gene
luciferase	mir-34b
ly294002	bim
ly333531	inos
ly333531	pkcβ2
m344	brca1
macrophage colony stimulating factor (mcsf	il-1
mad2l1	cyclin b-ubiquitin ligase
madin	arno
maf	nrf2
mangiferin	pb(ii)
mannitol	p65 subunit
mao	hydroxylamine
mao	semicarbazide
map kinase	map2ks
map kinase	mkp1
map kinase kinase	p38 mapk
map kinases	mmp-1
map kinases	nrf2
map kinases	tnf-α
map2k4	p38
map2ks	map kinase
mapk	akt
mapk	atr
mapk	drosophila
mapk	e2
mapk	er
mapk	fn
mapk	gab1
mapk	grb2
mapk	homologue of
mapk	lps
mapk	mek1
mapk	p62dok
mapk	pb
mapk	raf
mapk	ras
mapk	rasgap
mapk	s298
mapk	serum growth factor
mapk	shp-2
mapk	tnf-α
mapk	utlm cells exposed to e2
mapk-activated protein kinase-2	mapks
mapkp44	erα
mapks	cr(vi)
mapks	dual specificity phosphatase 1
mapks	heat shock protein 27
mapks	large family of phosphatases
mapks	lps
mapks	mapk-activated protein kinase-2
mapks	microcystin-lr
matrix	fibronectin
matrix	fn
matrix	integrin
matrix metallopeptidase 11	bpa
matrix metallopeptidase 13	entpd5
matrix metalloproteinase	fak-
mbl2	lectin
mcf-7	as2o3
mcf-7	resveratrol
mcl-1	bak
mcl-1	bax
mcl-1	caspase-9
mcl-1	e3 ligase
mcl-1	erk1/2
mcl-1	erk1/2-
mcl-1	gcda
mcl-1	gcda-activated
mcl-1	gcda-activated erk1/2
mcl-1	gsk-3β-mediated
mcl-1	k-ras
mcl-1	mek/erk1/2 [35]
mcl-1	pd98059
mcl-1	raf/
mcl-1	ras/
mcp-1	morphine
mcp-1	par-1
mcp-1	portal fibroblasts15,45–47
mcp-1	pro-collagen 1a1, connective tissue growth factor
mcp-1-deficiency	pro-collagen 1a1, connective tissue growth factor
mcp-1-deficiency	triglyceride
mct1	glut1
mct1	glut2
mctp1	c2 domains
mda-mb-231	paclitaxel
mdia1	srf
mdm2	mir-24-2
mdm2	p19arf
mdm2	p53
mdm2	p53 tumor suppressor
mdm2-p53	p53
mdr1	ap-1
mdr1	ape1
mdr1	nf-y
mdr1	p300
mdr1	qq ape1
mdr1	yb-1
mef	fn
mef	rac1
mehg	c-cbl
mehg	fyn
mehg	pdgfrα
mehg	redox/
meiqx	l1-rtp
mek	erk
mek	pak1
mek	u0126
mek and erk	pd98059
mek/erk	dasatinib
mek/erk	pd98059
mek/erk1/2 [35]	mcl-1
mek1	b-raf
mek1	c-raf
mek1	fak
mek1	mapk
mek1	mekk
mek1	raf
mek1	src
mekk	mek1
membrane	arf
membrane	cam
membrane	cd40
membrane	cd40l
membrane	kras
membrane	raf
membrane	rap1a
membrane	rho family gtp-binding proteins
membrane-bound dp receptor	dp receptor (dp1)
mer	xenoestrogens
mercury	sfn
met	hgf
metallothionein 1 genes (	zn
metallothionein1x	tcrp1
methoxyphenols	rna-binding protein hur
mgmt	o6bg (
mh7a	resveratrol
microcystin-lr	akt
microcystin-lr	c-myc
microcystin-lr	gsk-3β
microcystin-lr	mapks
microcystin-lr	pp1
microcystin-lr	β-catenin
microtubules	gef
microtubules	p190rhogef
microtubules	rhoa-specific
microtubules	rhoa-specific gef
mir-126	crk
mir-126	kras
mir-126	src
mir-155	junb
mir-155	jund
mir-16	bcl2
mir-21	erk-map kinase
mir-210	2
mir-210	erk1/2 molecules
mir-210	pdgf-aa
mir-210	pdgf-bb
mir-210	platelet-derived growth factor (pdgf)-bb
mir-210	ptpn2
mir-210	yc-1
mir-24	3'utr sites
mir-24	bcl-2
mir-24	mir-27b
mir-24-2	bcl-2
mir-24-2	h2afx
mir-24-2	h2ax
mir-24-2	mdm2
mir-27b	mir-24
mir-34b	cyclin d1
mir-34b	diethylstilbestrol
mir-34b	e2
mir-34b	estradiol
mir-34b	luciferase
mir-34b	p53-er
mir-34b	tam
mir-34b	tamoxifen
mir-34b	xenoestrogens
mir-34b	zea
mir-34b	zeranol
mir-34b/c	e2
mir-34b/c	p53
mirna (mir)-34b	cyclin d1
mithramycin a	pgl3:fl promoter
mitochondrial respiratory chain complexes i and ii	mn
mitogen-activated protein	mmp-1
mitogen-activated protein (map) kinase	mmp-1
mitogen-activated protein (map) kinase activation	phosphoinositide 3-kinase–dependent membrane recruitment of p62dok
mitogen-activated protein kinase (mapk)	receptor kinase (erk)
mitogen-activated protein kinase (mapk)-dependent	creb
mitogen-activated protein kinase (mapk)-dependent	erα
mitogen-activated protein kinase (mapk)-dependent	erβ
miz1	integrin
miz1	myc
miz1	mycv394d
miz1	promoter
miz1	site
mkk1	erk1/2
mkk3	cisplatin
mkk4	jnk
mkk4	jnk1/2
mkk4	p38 mapk
mkp1	map kinase
mlc	myosin light chain (mlc) phosphatase
mlc	pak1
mlc	rok
mlc at serine 19	pak1
mlc1a	rhoa
mlck	myosin
mmp-1	(map) kinase
mmp-1	ets transcription factor binding site
mmp-1	extracellular signal-regulated kinase (phospho-erk1/2
mmp-1	map kinases
mmp-1	mitogen-activated protein
mmp-1	mitogen-activated protein (map) kinase
mmp-2	curcumin
mmp-9	ad-jnk
mmp-9	fak
mmp-9	pma
mmp-9	resveratrol
mmp-9	sirt1
mmps	tnf-α
mn	caspase
mn	darpp-32-thr-34
mn	mitochondrial respiratory chain complexes i and ii
mnsod	caspase-8
mnsod	p38 mapk
monoher	dox
monomethylarsonous acid	egfr
morphine	caspase-3
morphine	mcp-1
morphine	naloxone
mouse	foxm1
mpges-1	cox-1
mpges-1	resveratrol
mpges-1	sc-560
mpges-1	trolox c
mpp2	b[a]p
mpp2	tcdd
mrfp-pkb	egfp-pdk1
mrlc	mrlc phosphatase
mrlc phosphatase	mrlc
mrp5	nrf2
msh3	mutsβ
msk1	erk
msk1	h3
mt1x	tcrp1
mtor	[ca2+]i
mtor	bapta/am
mtor	dox
mtor	fkbp12
mtor	p53
mtor	pkm2
mtor	raf-mek-erk
mtor	rapamycin
mtor	resveratrol
mtor inhibition	pkm2
mtor kinase	4ebp1
mtor kinase	p70s6k
mtor kinase	rapamycin
mtorc1	mtorc2
mtorc1	p70s6k
mtorc1	pras40
mtorc1	tsc2
mtorc2	akt
mtorc2	mtorc1
mtorc2	pras40
mtorc2	rapamycin
mtx	sod
muc1	egfr
murine	upa
mutl heterodimer	muts
muts	mutl heterodimer
mutsβ	msh3
myc	let-7 mirnas
myc	miz1
myc	nucleolin
myc	p15in4kb
myc	promoter
myc/mad-1 transcription factor	htert promotor
mycer	e-box
mycv394d	miz1
mycv394der	e-box
mycv394der	egf
myc–max complexes	e3-ligase
myc–max complexes	hecth9
myod	fn (
myod	prb
myod	rhoa
myosin	bdm
myosin	mlck
myosin	pak1
myosin	zo-1
myosin (titin	fn3 domains
myosin light chain	erk2
myosin light chain	myosin light chain kinase (mlck)
myosin light chain (mlc) phosphatase	mlc
myosin light chain (mlc) phosphatase	rok
myosin light chain kinase (mlck)	myosin light chain
myosin-driven	endogenous
n-acetylcysteine	caspase-3
n-cadherin	fgf receptor
n-cadherin	rac1
n-sh2	ptp domain
n-sh2 domain	ptp domain
n-wasp	cdc42
n17rac	actin
na+	ato
na,k-atpase	c-peptide
na,k-atpase	erk1/2
na,k-atpase isoform	c-peptide
na,k-atpase protein	c-peptide
na,k-atpase α1-subunit	c-peptide
na,k-atpase α1-subunit protein	c-peptide
naadp	u46619
nac	akt
nac	erk
nac	p38mapk
nac	zinc
nac1	bcl-2
nac1 (fig. 6)	hmgb1
nad-dependent deacetylase sirtuin 1	resveratrol
nadh	p63
nadph	ang ii
nahs	p-erk1/2
nahs	p38 mapk
naloxone	morphine
nalp1	caspase-1 monomers
nanog	p53
nanog	resveratrol
nanog reporter	resveratrol
nap1	wave1
nb4	pd98059
nci-h1781	hsp90
nck	p62dok
nck	p62dokgbd
nck	wasp
ncoa2	grip1
ncor	ppar-γ
ncor	sirt-1
ndga	5-lipoxygenase
ndrg2	bax
ndrg2	bcl-2
ndrg2	p53
necrosis	cd40∶cd154
nectin	cdc42
nectin-based cell–cell adhesion sites	c-src
nectins	cdc42
nef-3	frg
nemo	ikb kinase complex)
nemo	ikkβ peptide inhibitor (aa t735-e745
nephrin	pan
ner	eif3a
ner	ercc1
ner genes	brca1
ner proteins	eif3a
neural wiskott-aldrich syndrome protein	tuba
neuregulin	erbb receptors
neurogranin	cam
neurogranin	pkc
nf-at	akt
nf-at	glycogen synthase kinase 3 67
nf-kappab [23]	ahr
nf-kb	cisplatin
nf-kb	fak sirna
nf-kb	talin
nf-y	mdr1
nf-κb	adiponectin
nf-κb	ap-1
nf-κb	ape1
nf-κb	berbamine
nf-κb	cap
nf-κb	curcumin
nf-κb	dual specific protein phosphatase 1 (dusp1
nf-κb	il-1β
nf-κb	iκb-α
nf-κb	jnk1
nf-κb	nicotine
nf-κb	p50
nf-κb	p53
nf-κb	p65 subunits
nf-κb	pkcθ
nf-κb	promoter
nf-κb	rela
nf-κb	resveratrol
nf-κb	sn50
nf-κb	tak1
nf-κb	tnf-α
nf-κb elements	rela
nf-κb subunits	p50
nf-κb transcription factor	icam-1
nf-κb-regulated gene products	berbamine
nf-κβ	epo
nfat	anti-cd3–
nfatc1	ngf
nfatc1	ngf-
nfatc1	sp1
nfκ-b	dutpase promoter
nfκb	15d-pgj2
nfκb	curcumin
nfκb	p65
nfκb	rassf1a
nfκb	rassf6
nfκb	rosiglitazone
nfκb	tnf-α
nfκb p65 proteins using transcription factor elisa	p-c-jun and
nfκb transcription factor	curcumin
ngf	akt
ngf	csa
ngf	egf
ngf	insulin receptors
ngf	nfatc1
ngf	p21
ngf-	nfatc1
nh2	e3b1–abi-1
nh2-terminal sh2 of p85	abi1
nickel	hif-1α targets
nicotinamide	collagen type i
nicotinamide	resveratrol
nicotinamide	sirt-1
nicotine	ap-1
nicotine	h1299
nicotine	nf-κb
nicotine	p53
nimesulide	cox-2
nlrp3 inflammasome	ha
nm c-peptide	zeb
nmdar	glu
no	adp-ribosylcyclase
no	ifn-gamma
no	rapamycin
no	resveratrol
nocodazole	oct4
non-protein coding rna 295	rna 295 (ncrna00295)
nor1	sgk-1
notch-1	as2o3
notch-1 downstream genes	as2o3
notch1	dll1
notch1	jag1
nox1	2-acetylphenothiazine
nox1	cd38
nox1	et-1
nox1	nox4
nox1	p22phox
nox1	rac1
nox4	nox1
noxa	p73
noxa	rela
noxa promoter	rela
nps	cholesterol
nps	hdl)
nps	triglycerides
nqo1	20s proteasome (fig. 4c)
nqo1	b[a]p
nqo1	c/ebpα
nqo1	nqo1 and c/ebpα
nqo1	p63
nqo1 and c/ebpα	nqo1
nqo1 and c/ebpα	p63
nr4a receptors	atr
nr4a receptors (nor1	atr
nr4a1	bpa
nr4a1	hpte
nr5a receptor	atr
nr5a receptors	atr
nr5a receptors	cyp19a1
nrf1	keap1
nrf1	nrf2
nrf2	bap
nrf2	bcrp
nrf2	cpdt
nrf2	gsts, and mrps
nrf2	isothiocyanates
nrf2	keap1
nrf2	kelch-like ech-associated protein 1
nrf2	kelch-like ech-associated protein 1 (keap1
nrf2	maf
nrf2	map kinases
nrf2	mrp5
nrf2	nrf1
nrf2	pcn
nrf2	sfn
nrf2	sulforaphane
nrf2-are	keap1
nrg1-β	pcp
nu6027	atr
nu6027	pf-01367338
nuclear factor (nf)-κb	adiponectin
nuclear factor-kappab-mediated cytokine	curcumin
nuclear factor-kappab-mediated cytokine	resveratrol
nuclear factor-κb, activator protein-1	amifostine
nucleolin	myc
nucleotide	atad2
nucleotide	gnl2
nucleotide	gnl3
nutlin-3a	s6
o,p’-ddt	estrogen receptors
o,p’-ddt	pka
o2·−	cd38
o2·−	diphenyleneiodonium sulfate
o6bg (	mgmt
ob51	calmodulin-beads
obscurin	cam
obscurin	obscurin ig domains
obscurin	titin
obscurin	titin ig domains
obscurin	z9-z10
obscurin fragment	calmodulin
obscurin fragments	calmodulin
obscurin ig domains	obscurin
obscurin iq domain	calmodulin
obscurin ph domain	pip
obscurin–	titin
oct4	nocodazole
oct4	promoter
oct4	regions
oct4	sox2
oh-tam	erα target gene
oh-tam	esr1
oht	foxm1
orf1	ahr sirna
orf1	ahrr sirna
orf1	c/ebp-β
orf1	ebp-β
orf1	phip
orphan nuclear receptor superfamily	peroxisome proliferator-activated receptor
orphan receptor-α	cholesterol
osm (	cxl1 (chemokine ligand 1
other dna-binding transcription factors, such as ap-1 (activator protein 1	erα
ovcar-8	ccne1
oxaliplatin	dutpase mrna
oxaliplatin	dutpase protein
oxaliplatin	e2f site-mutant
oxaliplatin	p53
oxygen	hao1
p,p'-dde	ps2
p,p'-dde	ps2 mrna
p,p’-ddt	tnfα
p-c-jun and	nfκb p65 proteins using transcription factor elisa
p-erk1/2	nahs
p-p65	curcumin
p101	p110γ
p101 subunit	p110γ
p110	p85
p110	pi3-k
p110	pkcθ
p110	rasgtp
p110	vav
p110 isoforms	p85
p110 subunit of class ia pi3ks	p85 adaptor
p110γ	p101
p110γ	p101 subunit
p110γ	ras
p110–p85 complex	abi1
p120	apc
p120	cadherin
p120	cadherin complexes
p120	cadherin juxtamembrane domain
p120	cadherins
p120	catenin
p120	cdc42
p120	e-cadherin
p120	e-cadherins
p120	juxtamembrane
p120	p120-uncoupled
p120	rac
p120	rhoa
p120	tail
p120	α-catenin
p120 arm repeats	e-cadherin
p120 catenin	cadherins
p120 sequences	e-cadherin
p120-e-cadherin	arm domains
p120-related protein	e-cadherin
p120-uncoupled	p120
p120ctn	domain
p120ctn	rho
p120rasgap	shp-2
p120–	e-cadherin
p130cas	actin cytoskeletal rearrangements
p130cas	at1r
p130cas	crk
p130cas	cytokine receptor
p130cas	dock180
p130cas	dock180 module
p130cas	fak
p130cas	fit
p130cas	src
p130cas	src kinase
p130cas	src sh3
p130cas	upar
p130cas sd	upar
p130cas–crk complex	dock180
p130cas–crk complex	rac
p130cas–crk complex	upar
p130cas–crk complexes	crk
p130cas–crkii	upar
p15in4kb	myc
p190rhogap	(a) integrin-associated fak
p190rhogap	src
p190rhogap	v-src
p190rhogef	fak
p190rhogef	fn-associated rhoa
p190rhogef	gef
p190rhogef	kinase
p190rhogef	microtubules
p190rhogef	pyk2
p190rhogef	rhoa
p190rhogef expression	pyk2
p19arf	mdm2
p20 subunits	caspase-1
p21	amifostine
p21	cdc2
p21	cdkn3
p21	celecoxib
p21	curcumin
p21	cyclin e [28]
p21	cyclin-dependent kinases
p21	cyclin-dependent kinases [23]
p21	hk-2
p21	ngf
p21	p53
p21	resveratrol
p21	sp1
p21	sp1, inducing hk-2 cell growth arrest
p21	tfap2α
p21	trail
p21	vegf
p21	zinc
p21 rho	fak–src
p21 rho–gtpase	fak
p21 rho–gtpase	src
p21(waf1/cip1) promoter (regions 1	p53
p21-activated kinase [pak]–interacting exchange factor	rac1
p21/cip1	resveratrol
p21/waf1	promoters
p21cip1	p53
p21cip1	tgf-β
p21waf-1/cip1	cdk-4
p22phox	nox1
p27	cyclin d1
p27	fkhrl1
p27	trail
p27kip1	e-cadherin
p27kip1	ras
p300	ape1
p300	hif-1
p300	mdr1
p300	p53
p300	protein
p300	yb-1
p38	[ca2+]i
p38	cadmium
p38	captopril
p38	cddp
p38	jnk
p38	losartan
p38	map2k4
p38 (12)	dusp1
p38 (18–20)	rac1
p38 mapk	at1r
p38 mapk	cu
p38 mapk	hsp27
p38 mapk	map kinase kinase
p38 mapk	mkk4
p38 mapk	mnsod
p38 mapk	nahs
p38 mitogen activated protein kinase	c-abl
p38, and	pi3k
p38mapk	ang ii
p38mapk	cisplatin
p38mapk	cocl2
p38mapk	nac
p42/44 mapk	pkc
p42/44 mapk	tnf-α
p44	zebularine
p50	curcumin
p50	nf-κb
p50	nf-κb subunits
p50	p65
p50a	p66shcp47a
p53	acape1
p53	akt
p53	amifostine
p53	ap-endonuclease
p53	ape1
p53	atr
p53	bax
p53	bcl-2
p53	beta-catenin
p53	bpa
p53	c-abl
p53	c-myc
p53	caspase-8
p53	celecoxib
p53	chk2
p53	cisplatin
p53	curcumin
p53	cyclin-dependent kinases [23]
p53	dna repair enzyme
p53	dutpase
p53	dutpase gene
p53	dutpase promoter
p53	dutpase protein
p53	e3 ubiquitin ligase
p53	e6
p53	er
p53	erk1
p53	erα
p53	extracellular signal-regulated kinase 1
p53	gw8510
p53	hdac1
p53	hr
p53	igf-1
p53	igf-1r
p53	ins2
p53	insulin
p53	mdm2
p53	mdm2-p53
p53	mir-34b/c
p53	mtor
p53	nanog
p53	ndrg2
p53	nf-κb
p53	nicotine
p53	oxaliplatin
p53	p21
p53	p21(waf1/cip1) promoter (regions 1
p53	p21cip1
p53	p300
p53	promoter
p53	regions
p53	resveratrol
p53	sirt3
p53	sites
p53	sp1
p53	vdr
p53	wr-1065
p53	zebularine
p53	β-catenin
p53 tumor suppressor	mdm2
p53-dependent apoptosis of h	acape1
p53-er	mir-34b
p53aip1	vegf
p53mut	dutpase
p62dok	mapk
p62dok	nck
p62dok	ph domain
p62dok	pi3k products
p62dok	rasgap
p62dok 1481316	rasgap
p62dok family members	c-ret
p62dok mutant	rasgap
p62dokgbd	nck
p62dokδph-gfp	gfp
p63	20s proteasomal
p63	c/ebpα
p63	c/ebpα protein
p63	cadmium
p63	nadh
p63	nqo1
p63	nqo1 and c/ebpα
p63	δnp63
p65	a20, down-regulating ikkα
p65	anti-p65 antibody
p65	berbamine
p65	nfκb
p65	p50
p65 mrna	a01
p65 mrna	b18
p65 mrna	curcumin
p65 subunit	mannitol
p65 subunits	nf-κb
p66shc	grb2
p66shc	rac1
p66shc	ras
p66shc	sos1
p66shcch2	c-sh3 domain
p66shcch2	sh3 domains
p66shcp47a	p50a
p66shcy3a	grb2
p70s6k	irs-1
p70s6k	mtor kinase
p70s6k	mtorc1
p70s6k	rapamycin
p73	cisplatin
p73	noxa
p73	rela
p73	yap mrna
p73	δnp63
p73 sirna	procaspase-8
p85	abi1
p85	ar
p85	eps8–abi1–sos-1
p85	gab1
p85	gab1f446
p85	p110
p85	p110 isoforms
p85	pdgfr
p85	rac-gef
p85	steroid
p85 adaptor	p110 subunit of class ia pi3ks
p85/pi3k	ar
p85/pi3k	res
p85s6k	α-p70s6k antibody
p85–abi1	fig. 1 d)
p97	gab2
paclitaxel	cathepsin b
paclitaxel	fadd
paclitaxel	mda-mb-231
pag/cbp	csk
pai-1	integrin
pai-1	smb domain
pai-1	upar
pak	cdc42
pak1	cdc42
pak1	fn
pak1	gtpases
pak1	mek
pak1	mlc
pak1	mlc at serine 19
pak1	myosin
pak1	rac1
pak1	rac1 complexes
pak1	rho kinase
pak1	s298
pak1δcrib	rac1
pak2	rok
pak65	sos-1
pan	nephrin
par-1	mcp-1
parp	celecoxib
parp	doxycyclin
parp activity	doxycyclin
partner apoptotic protease activating factor-1	cytochrome c
pax5	ape1
pax8	ape1
paxillin	gst-rac1δc
paxillin	rac1
pb	cysteine
pb	ifnγ
pb	mapk
pb	peroxisome proliferator-activated receptor-γ
pb	tnf-α
pb	vascular endothelial growth factor (vegf
pb(ii)	mangiferin
pb+lps-associated tnf-α	c21h18no4cl
pb+lps-associated tnf-α	pkc inhibitor
pbaf	pr
pc-3	resveratrol
pc3	rsv
pcaf	baf
pcb-153	cd14
pck1	acth
pcn	egfr
pcn	erk1/2
pcn	nrf2
pcna	ap-1
pcna	erα
pcna	polh-1
pcp	nrg1-β
pd98059	cd11b
pd98059	dasatinib
pd98059	erk/mapk
pd98059	hl60
pd98059	mcl-1
pd98059	mek and erk
pd98059	mek/erk
pd98059	nb4
pd98059	stat1
pdgf	fak
pdgf	gab1
pdgf	pdgf receptor-α
pdgf receptor-α	pdgf
pdgf-aa	mir-210
pdgf-bb	akt
pdgf-bb	bax
pdgf-bb	caspase-3
pdgf-bb	glutamate
pdgf-bb	mir-210
pdgfr	dasatinib
pdgfr	p85
pdgfrα	mehg
pdk1	anti-cd3–
pdk1	ph domain
pdk1	pkb
pdk1	pkb ph domain
pdk1	pkc
pdk1	pkcθ
pdk1	ptdins (3,4,5)p3
pdpk1	pip3
pe	prb
perk	egfr
perk	erlotinib
peroxisome proliferator-activated receptor	orphan nuclear receptor superfamily
peroxisome proliferator-activated receptor-γ	pb
peroxisome proliferator–activated receptor-α	adiponectin
persistent environmental toxin	aryl hydrocarbon receptor (ahr) complex
pf-01367338	nu6027
pfoa	erk
pfoa	erk-mapk
pfoa	receptor kinase (erk)
pfpea	erk
pfpea	receptor kinase (erk)
pge2	aromatase
pge2	camp
pge2	cox-1
pge2	pi3k/akt
pge2	pka
pge2	pka in mlo-y4 cells.(32) pka
pge2	resveratrol
pge2	β-catenin
pgl3:fl promoter	mithramycin a
pgl3:sp1δ construct	sp1
ph	domains
ph domain	bam32
ph domain	dh domain
ph domain	domain
ph domain	gab1
ph domain	p62dok
ph domain	pdk1
ph domain	phosphoinositide-3-kinase
ph domain	pi(3,4,5)p3
ph domain	pi3-kinase
ph domain	pi3k
ph domain	ptdins (3,4,5)p3
ph domain (δph)	gab1
ph domains	bam32 ph domain
ph domains	phosphoinositide
ph domains	phosphoinositides
ph domains	pi(4,5)p2
ph domains	pips
ph domains	ptb domains
ph2ax	cisplatin
phalloidin	f-actin
phip	huh-7
phip	l1-rtp
phip	orf1
phosphatidylserine	annexin-v–fitc
phospho-i4r	irs-1
phospho-mkp-1	curcumin
phosphoinoisitide-dependent kinase 1	t308
phosphoinositide	ph domains
phosphoinositide	ptb domains
phosphoinositide 3-kinase–dependent membrane recruitment of p62dok	mitogen-activated protein (map) kinase activation
phosphoinositide-3-kinase	ph domain
phosphoinositides	ph domains
phospholipase c (plc)γ	inositol 1,4,5 trisphosphate
phospholipase cγ2	bam32
pi(3)k	gab1
pi(3,4)p2	dock2
pi(3,4,5)3	pi3k-dependent
pi(3,4,5)p3	dapp1
pi(3,4,5)p3	ph domain
pi(4,5)p2	ph domains
pi(4,5)p2	pld2 ph domain
pi-3 kinase	egf
pi-3 kinase	gab1
pi-3 kinase product	pleckstrin homology
pi-3-oh	rac
pi-4p-5 kinase isoform	arf
pi3-k	ampk
pi3-k	cd28
pi3-k	p110
pi3-k	pkcθ
pi3-k	pkcθ (fig. 5)
pi3-kinase	gelsolin
pi3-kinase	gelsolin [16]
pi3-kinase	integrin
pi3-kinase	ph domain
pi3-kinase	pi3-kinase activity
pi3-kinase	tat-peptides
pi3-kinase activity	pi3-kinase
pi3k	ar
pi3k	atr
pi3k	bam32
pi3k	erα
pi3k	fak
pi3k	p38, and
pi3k	ph domain
pi3k	protein kinase b
pi3k	res
pi3k	resveratrol
pi3k	tnf
pi3k	tnf receptors
pi3k enzyme	ar and erα
pi3k products	p62dok
pi3k-akt	pten gene
pi3k-dependent	bam32 ph domain
pi3k-dependent	pi(3,4,5)3
pi3k/akt	[ca2+]i
pi3k/akt	foxo
pi3k/akt	pge2
pi3k/akt	resveratrol
pimonidazole	cysteine
pimonidazole	thiols
pip	obscurin ph domain
pip3	pdpk1
pip3	rac
pip3	wave2
pip3	wave2 complex
pip3 and rac	wave2
pip5k	arf proteins
pip5k	arf6
pip5k	arf6 for ca2+-dependent dcv exocytosis
pip5k	arf6q67l
pip5k	ca2+
pip5k	pkc
pips	ph domains
piroxicam	cox-2
piroxicam	il-1β
piroxicam	il-6
pka	gsk3
pka	o,p’-ddt
pka	pge2
pka	pkc
pka	protein phosphatase 2a (pp2a)
pka in mlo-y4 cells.(32) pka	pge2
pkb	pdk1
pkb	trp80
pkb ph domain	pdk1
pkc	bcr-induced
pkc	lipid kinase
pkc	neurogranin
pkc	p42/44 mapk
pkc	pdk1
pkc	pip5k
pkc	pka
pkc	rac1
pkc	tnf-α
pkc inhibitor	pb+lps-associated tnf-α
pkc-η	fyn kinase
pkcα	berberine
pkcβ2	inos
pkcβ2	ly333531
pkcθ	3-phosphoinositide-dependent kinase-1
pkcθ	anti-cd3
pkcθ	ap-1
pkcθ	nf-κb
pkcθ	p110
pkcθ	pdk1
pkcθ	pi3-k
pkcθ	vav
pkcθ	vav and rac
pkcθ (fig. 5)	pi3-k
pkcθ (fig. 5)	vav
pkm gene	sp1 and nf-y (ecat)
pkm2	mtor
pkm2	mtor inhibition
pkm2	rapamycin
pkm2	resveratrol
pkn	prk2/
pkr	zebularine
plakophilin-3	e-cadherin
plasma membrane–associated receptors	ptb domains
platelet-derived growth factor (pdgf)-bb	mir-210
platelet-derived growth factor receptor	shp-2
plcz	gfp-pkcθ
plcγ1	bam32
plcγ1	lat mutant
plcγ2	bam32
pld	arno
pld1	arf
pld2 ph domain	glu-
pld2 ph domain	pi(4,5)p2
pld2 ph domain	pld2 ph domain with pi(4,5)p2-containing luvs
pld2 ph domain with pi(4,5)p2-containing luvs	pld2 ph domain
pleckstrin homology	pi-3 kinase product
pleckstrin homology	ptdins-3,4-p2
pleckstrin-homology	vav
pm00104	et-743
pma	mmp-9
pma	resveratrol
pnpo	calycosin
polh-1	pcna
poly(ic)	tlr3
polη [45]	rev1
portal fibroblasts15,45–47	mcp-1
pp1	fyn
pp1	microcystin-lr
pp2	frg
pp2	gfp
pp2	rac
pp2	rac exchange factors
pp2	raf
pp2	s298
pp2	src
pp2a	ser473
pp2a-related akt	caspase-3
pp3	rac
ppar	glucose
ppar-γ	ncor
ppar-γ	sirt-1
pparα	foxm1
ppr-perk-pmsk1	baf
ppt	insulin
ppxy motif proteins	yap protein
pr	baf
pr	baf complex
pr	baf250
pr	baf57
pr	baf57 subunit of the complex
pr	egfr
pr	estrogen receptor
pr	hre1
pr	hre1 [27]
pr	pbaf
pr-1	cas
pr-1	fak
pras40	mtorc1
pras40	mtorc2
prb	bpa
prb	myod
prb	pe
prela	erlotinib
presenilin-1	e-cadherin
prk2	fyn kinase
prk2	src kinase
prk2/	pkn
prk2/pkn kinases	rho mutant
pro-apoptotic	bax
pro-collagen 1a1, connective tissue growth factor	mcp-1
pro-collagen 1a1, connective tissue growth factor	mcp-1-deficiency
pro-upa	erk1
pro-upa	upar
pro-upa	vn
procaspase-3	cd2+
procaspase-8	p73 sirna
procaspase-9	apaf-1
procaspase-9	cd2+
procaspase9	cytc
prolactin	cadmium
proline	grb2
proline	sh3 domains
proline	sos
promoter	ahr
promoter	foxo1
promoter	hif-1
promoter	lps-induced
promoter	miz1
promoter	myc
promoter	nf-κb
promoter	oct4
promoter	p53
promoter	rela
promoter	rtta
promoter	stat3
promoter	tcf-4
promoter	tcf4
promoter	topo-2α gene
promoter	vdr
promoter	δnp63
promoters	bax
promoters	h3 histone
promoters	p21/waf1
promoters	sp1
propranolol	[3h]thymidine
prostaglandin e2	resveratrol
protein	p300
protein kinase b	atr
protein kinase b	pi3k
protein phosphatase 2a (pp2a)	akt
protein phosphatase 2a (pp2a)	pka
protein phosphatase 5	cd
protein-α (c/ebpα	c-kit
ps1	e-cadherin
ps2	p,p'-dde
ps2 mrna	p,p'-dde
psa	ar
psa	flutamide
psa	u0126
pstat1	egf
pstat5	flll32
ptb domain	c-ret
ptb domains	ph domains
ptb domains	phosphoinositide
ptb domains	plasma membrane–associated receptors
ptdins (3,4,5)p3	pdk1
ptdins (3,4,5)p3	ph domain
ptdins-3,4-p2	(ph) domains
ptdins-3,4-p2	pleckstrin homology
pten	akt
pten	resveratrol
pten gene	pi3k-akt
pth-ago1-rna elution
                rnp complexes	rnase a
ptp domain	n-sh2
ptp domain	n-sh2 domain
ptp1b	1,2-nq
ptpn13	caspase-8
ptpn2	mir-210
puma	slug
px domains	fyve domains
pyk2	(f)
pyk2	(g) kinase- and y402-dependent
pyk2	btk
pyk2	fak
pyk2	fak−/− f-actin
pyk2	p190rhogef
pyk2	p190rhogef expression
pyk2	rhoa
pyk2	syk
pyk2	tnf
pyk2 kinase	rho
qq ape1	mdr1
rab 11	tpβ [37]
rac	actin/myosin
rac	arno
rac	c3 transferase
rac	cooh
rac	crk
rac	crk-mediated
rac	dh-ph motif
rac	dock180
rac	dock2
rac	e-cadherin
rac	e3b1
rac	efa6
rac	fak
rac	gtp
rac	integrin
rac	integrin engage
rac	irsp53
rac	kalirin
rac	p120
rac	p130cas–crk complex
rac	pi-3-oh
rac	pip3
rac	pp2
rac	pp3
rac	rac (n17rac)
rac	rho
rac	tre17
rac	upar
rac	vitronectin
rac	wave2
rac (n17rac)	rac
rac [7]	arf6
rac ca	a431
rac exchange factors	pp2
rac gefs tiam1 (fig. 1 b	cooh
rac- and cdc42-gtp	cdc42 using the p21-binding domain of pak
rac-dependent	irsp53
rac-gef	p85
rac1	actin
rac1	arf6
rac1	cooh
rac1	crkii
rac1	dbl homology (dh) domain of β-pix
rac1	e-cadherin
rac1	fas
rac1	fig. 2 e
rac1	full-length
rac1	gef
rac1	jnk
rac1	kalirin5
rac1	lrp-1
rac1	lrp-1 with receptor-associated protein
rac1	mef
rac1	n-cadherin
rac1	nox1
rac1	p21-activated kinase [pak]–interacting exchange factor
rac1	p38 (18–20)
rac1	p66shc
rac1	pak1
rac1	pak1δcrib
rac1	paxillin
rac1	pkc
rac1	rac1-gtpase
rac1	rac1-induced lamellipodia
rac1	rac1–β-pix
rac1	receptor-associated protein (rap)
rac1	rho-like gtpase
rac1	rhoa
rac1	rhogdi
rac1	sh3 domain
rac1	sra1
rac1	srf
rac1	syndecan-4
rac1	terminus
rac1	upar
rac1	vav
rac1	β-pix
rac1 (fig. 4)	kalirin5
rac1 complexes	pak1
rac1 peptide	rhogdi
rac1-gtp	arf6
rac1-gtpase	rac1
rac1-induced lamellipodia	rac1
rac1–β-pix	rac1
raf	2
raf	fn
raf	mapk
raf	mek1
raf	membrane
raf	pp2
raf	ras
raf	s298
raf	src
raf-1	gw5074
raf-mek-erk	4ebp1
raf-mek-erk	mtor
raf/	mcl-1
rap	gtp
rap1a	cam
rap1a	kras
rap1a	membrane
rapamycin	c-src
rapamycin	egfr
rapamycin	erk1/2
rapamycin	mtor
rapamycin	mtor kinase
rapamycin	mtorc2
rapamycin	no
rapamycin	p70s6k
rapamycin	pkm2
rapamycin	rsk1
rapamycin	rsks
rapamycin	s6
rapamycin	s6k1
rar	aldh6
rar	cyp1a1
rar subtypes	ap1
rarb	cyp1a1
rars (rarα	vn/14-1
rarα	vn/14-1
ras	egfr
ras	mapk
ras	p110γ
ras	p27kip1
ras	p66shc
ras	raf
ras	resveratrol
ras	several growth factor receptors
ras/	mcl-1
ras/mapk	egf
ras/mapk	gab1
rasgap	dok members
rasgap	dok-4/5 proteins
rasgap	dok3
rasgap	mapk
rasgap	p62dok
rasgap	p62dok 1481316
rasgap	p62dok mutant
rasgap (	juxtamembrane
rasgap (	tyrosine
rasgtp	p110
rassf1a	2
rassf1a	c-abl
rassf1a	ikk
rassf1a	lats
rassf1a	nfκb
rassf2	ikk complex
rassf5a	tnf-r1
rassf6	nfκb
rbx1	keap1
receptor kinase (erk)	mitogen-activated protein kinase (mapk)
receptor kinase (erk)	pfoa
receptor kinase (erk)	pfpea
receptor-associated protein (rap)	rac1
redox/	mehg
region	ahr
region	e-cadherin
region	foxm1
region	gata factor
region	grb2
region	h4
region	igg
region	sh3 domain
region	tfs
region	vcam-1
regions	arnt
regions	foxm1
regions	oct4
regions	p53
regions	srf
regions	topo-2α gene
regions	vdr
rela	bcl-xl
rela	nf-κb
rela	nf-κb elements
rela	noxa
rela	noxa promoter
rela	p73
rela	promoter
rela	α-actinin 4
rela/p65	resveratrol
related ligand ephrin-a5	rhoa
res	ar- and erα-associated pi3k
res	p85/pi3k
res	pi3k
res	ykl-40
residues	annexin-v–fitc
residues	epha receptors
residues	khk-a
residues	src
resveratrol	-7
resveratrol	a549
resveratrol	abcg2
resveratrol	akt
resveratrol	akt kinase
resveratrol	ampk
resveratrol	bcl-xl
resveratrol	bv-2
resveratrol	capase-3
resveratrol	capase-3/7
resveratrol	caspase-3
resveratrol	caspase-3/-7
resveratrol	caspase-9
resveratrol	chk2
resveratrol	cox-1
resveratrol	cox-2
resveratrol	creb
resveratrol	cyclin d1
resveratrol	erk
resveratrol	fkhr
resveratrol	fkhrl1
resveratrol	foxo proteins
resveratrol	foxo transcription factor
resveratrol	foxo transcription factors
resveratrol	foxo transcription factors [10]
resveratrol	foxo1
resveratrol	glut4
resveratrol	h2a.x
resveratrol	h460
resveratrol	hsf1
resveratrol	igf-1r
resveratrol	il-1β
resveratrol	inos
resveratrol	ir)-induced akt
resveratrol	ir)-induced ampk
resveratrol	iκb
resveratrol	jak2-stat3
resveratrol	jnk
resveratrol	k562
resveratrol	lps-induced cytokine mrna
resveratrol	mcf-7
resveratrol	mh7a
resveratrol	mmp-9
resveratrol	mpges-1
resveratrol	mtor
resveratrol	nad-dependent deacetylase sirtuin 1
resveratrol	nanog
resveratrol	nanog reporter
resveratrol	nf-κb
resveratrol	nicotinamide
resveratrol	no
resveratrol	nuclear factor-kappab-mediated cytokine
resveratrol	p21
resveratrol	p21/cip1
resveratrol	p53
resveratrol	pc-3
resveratrol	pge2
resveratrol	pi3k
resveratrol	pi3k/akt
resveratrol	pkm2
resveratrol	pma
resveratrol	prostaglandin e2
resveratrol	pten
resveratrol	ras
resveratrol	rela/p65
resveratrol	s6k1
resveratrol	sirt-1
resveratrol	sirt-1 deacetylase
resveratrol	sirt-runx2
resveratrol	sirt1
resveratrol	sp1
resveratrol	spheroids
resveratrol	tnf-α
resveratrol	trail
resveratrol	xiap
resveratrol	ykl-40
resveratrol	zeb-1
resveratrol-4′-o-sulfate	cox-1
retinoblastoma	cdk4
rev1	polη [45]
rev1 [20]	deoxycytidyl transferase
rfp-pkb	gfp-pdk1
rgs17	akt
rho	c3
rho	cdc42
rho	f-ea5
rho	fak
rho	gtp
rho	integrin-mediated
rho	p120ctn
rho	pyk2 kinase
rho	rac
rho	rhotekin
rho	shp-2
rho	src family kinase
rho (	fig. 2 c)
rho family gefs	kalirin
rho family gtp-binding proteins	membrane
rho gtpases	rhogdi
rho gtpases regulators	cadherin
rho kinase	ephrin-a5
rho kinase	pak1
rho mutant	prk2/pkn kinases
rho proteins	arf gtpase family
rho proteins	gtp
rho-gtp	shp-2
rho-like gtpase	rac1
rho-related	srf
rhoa	(g)
rhoa	actin
rhoa	actomyosin-dependent integrin
rhoa	arhgef10
rhoa	c3
rhoa	cdc42hs
rhoa	ephrin-a5
rhoa	fc fragment
rhoa	gef ect2
rhoa	jnk
rhoa	mlc1a
rhoa	myod
rhoa	p120
rhoa	p190rhogef
rhoa	pyk2
rhoa	rac1
rhoa	related ligand ephrin-a5
rhoa	rock kinase
rhoa	rockii
rhoa	shp-2
rhoa	srf
rhoa-gtp	fn-associated
rhoa-gtp	fn-stimulated
rhoa-specific	microtubules
rhoa-specific gef	microtubules
rhog	dh-ph motif
rhogdi	rac1
rhogdi	rac1 peptide
rhogdi	rho gtpases
rhogdi	terminus
rhotekin	rho
rhuepo	akt
rhuepo	erk
ribokinase	ribose
ribose	ribokinase
rictor	ato
rna 295 (ncrna00295)	non-protein coding rna 295
rna-binding protein hur	methoxyphenols
rnase a	pth-ago1-rna elution
                rnp complexes
rock	y-27632
rock	y27632
rock kinase	rhoa
rockii	gtp-rhoa
rockii	gtpγs-rhoa
rockii	rhoa
rockii	shp2
rockδ3	flag–cofilin
rockδ3	srf
rok	mlc
rok	myosin light chain (mlc) phosphatase
rok	pak2
ros	stat
ros	zinc
ros-dependent ang ii	zinc
rosiglitazone	cisplatin
rosiglitazone	nfκb
rosiglitazone	skov-3
rsk1	rapamycin
rsks	rapamycin
rsv	akt
rsv	ampk
rsv	pc3
rtk	sos-1
rtta	promoter
runx2	sirt-1
runx2	sirt-1 proteins
rxr	tr/
rxr heterodimers	vdre [re1 (4)]
s100a8/a9	s100a8/a9 ligands with their receptor rage
s100a8/a9	zn
s100a8/a9 ligands with their receptor rage	s100a8/a9
s118	e2
s16	cisplatin
s2 b	erk1
s218	fn
s264a enzyme	arf6
s264a mutant	arf6
s298	mapk
s298	pak1
s298	pp2
s298	raf
s4b	doxorubicin
s4b	etoposide
s6	nutlin-3a
s6	rapamycin
s6-s235/s236	s6k1ca protein level
s6k1	akt
s6k1	enos
s6k1	rapamycin
s6k1	resveratrol
s6k1	superoxide
s6k1ca protein level	s6-s235/s236
sb202190	hsp27
sb202190	imr32
sc-560	cox-1
sc-560	mpges-1
scn2.2	glu
sei1	cdk4
semicarbazide	mao
ser473	pp2a
serine	akt
serum growth factor	mapk
serum response factor and actin dynamics	lim kinase
sesn1	bap
set domain	histone
several growth factor receptors	ras
sf-1	atr
sfn	mercury
sfn	nrf2
sgk-1	nor1
sgk1	ca2+
sgk1	glucocorticoid receptor (nr3c1)
sgp130	il-6
sgp130	lif
sgp130	lps-induced
sgp130	stat3
sh-sy5y	cd
sh2 domain	bam32
sh2 domain	c-met
sh2 domain	c-src with y1057 of vegfr-2
sh2 domain	crk
sh2 domain	crkl
sh2 domain	grb2
sh2 domain	iqgap1
sh2 domain	tyrosine
sh2-src	vegfr-2
sh3 domain	rac1
sh3 domain	region
sh3 domain	terminus
sh3 domain fusion proteins	wasp
sh3 domain of β-pix	terminus
sh3 domains	dock180
sh3 domains	e3b1
sh3 domains	p66shcch2
sh3 domains	proline
sh3-containing adaptor molecule grb2	sos-1
sh3a	wasp
shc	bcr
shc	egfr
shc	grb2
shc proteins	erα
shc, and sos	grb2
ship1	fcγriib upon receptor
ship1	tyrosine-phosphorylated p62dok 81317
shp-2	egf
shp-2	egfr
shp-2	erk
shp-2	erk1/2
shp-2	erks
shp-2	fak
shp-2	gab1
shp-2	gab1y627f
shp-2	gab1–
shp-2	integrin
shp-2	mapk
shp-2	p120rasgap
shp-2	platelet-derived growth factor receptor
shp-2	rho
shp-2	rho-gtp
shp-2	rhoa
shp-2	shp-2c459s
shp-2 protein tyrosine phosphatase	egf
shp-2c459s	shp-2
shp2	egf receptor
shp2	egf-induced gab1
shp2	gab1
shp2	gab1f627
shp2	integrin
shp2	rockii
shp2 following egf	gab1
shs	5-ht2a, etb and eta receptors
shs	emax
si162	a549
si162	caco2
siah-1	figure 5b)
siah-1	siah-1 mrna (
siah-1 mrna (	siah-1
signal-regulated kinases 1/2 (erk 1	ici-182,780
siigf-ir	igf-irβ
sil-6r	stat3
sil-6r × lps	stat3
silica	egr-1
sirt-1	ncor
sirt-1	nicotinamide
sirt-1	ppar-γ
sirt-1	resveratrol
sirt-1	runx2
sirt-1 deacetylase	resveratrol
sirt-1 proteins	runx2
sirt-runx2	resveratrol
sirt1	il-6
sirt1	mmp-9
sirt1	resveratrol
sirt1	tnf-α
sirt3	p53
site	miz1
site	vdr
sites	ahr
sites	p53
six1	homeo-domain
sixpf	cp70
skbr-3	as2o3
skov-3	rosiglitazone
slc30a	ang ii
slug	puma
slug transcription factor	e-cadherin
smb domain	pai-1
smb domain	upar
smb domain of vn (fig. 2)	upar
smb domain of vn (fig. 3 b)	upar
smα actin	fn
sn50	nf-κb
sod	mtx
sod2	vegfr2
sodium arsenite	egfr
sos	proline
sos-1	e3b1
sos-1	e3b1–abi-1
sos-1	eps8
sos-1	eps8–abi1
sos-1	eps8–e3b1
sos-1	grb2
sos-1	gst-rac
sos-1	pak65
sos-1	rtk
sos-1	sh3-containing adaptor molecule grb2
sos-1dh−	eps8–abi1
sos1	[32p]gtp-gst-rac1
sos1	eps8
sos1	grb2
sos1	grb2 (fig. 2 b)
sos1	p66shc
sos1	sos1–eps8–e3b1
sos1–eps8–e3b1	sos1
sox2	oct4
sox8	bpa
sox8	hpte
sp1	dutpase
sp1	dutpase promoter
sp1	igf-1r
sp1	nfatc1
sp1	p21
sp1	p53
sp1	pgl3:sp1δ construct
sp1	promoters
sp1	resveratrol
sp1	tmp
sp1 and nf-y (ecat)	pkm gene
sp1, inducing hk-2 cell growth arrest	p21
sp1-family transcription factors	ykl-40
sp600125	jag1
spdef	il-13
spectrin repeats	arf6-gdp
spectrin αii	universally expressed membrane-associated cytoskeletal protein.31 full-length spectrin αii
spheroids	resveratrol
spk2	cdc2
spla2-iia	ifnγ
sr proteins	16h3 antibody
sr5	arf6
sr5	efa6
sr5 of kalirin	arf6
sr5-6	arf6
sra1	rac1
src	(ngef)
src	connexin 43
src	csk
src	e1057/ckr)
src	egfr
src	estrogen receptor
src	fak
src	fibrinogen
src	integrin αiibβ3
src	mek1
src	mir-126
src	p130cas
src	p190rhogap
src	p21 rho–gtpase
src	pp2
src	raf
src	residues
src	src family members
src	tyrosine-phosphorylated focal adhesion kinase (fak),*
src	αiibβ3
src family kinase	rho
src family members	fyn
src family members	src
src kinase	p130cas
src kinase	prk2
src kinases	vegfr-2
src sh3	p130cas
src tyr-418	csk
src- and receptor tyrosine kinases	tail
src-homology (sh)3 domain	fak
src-ptyr-529	anti-csk antibody
srf	actin
srf	cdc42
srf	cytochalasin d
srf	f-actin
srf	gtpases
srf	jasplakinolide
srf	limk
srf	limk t508v
srf	limk1
srf	mdia1
srf	rac1
srf	regions
srf	rho-related
srf	rhoa
srf	rockδ3
srf	wiskott-aldrich syndrome protein (wasp) family, and vasodilator-stimulated phosphoprotein (vasp)
ssea-3 antibodies	ssea-4 antibodies
ssea-4 antibodies	ssea-3 antibodies
stat	ros
stat (signal transducer and activator of transcription) -6	il-13
stat (signal transducer and activator of transcription) -6	il-4
stat (signal transducer and activator of transcription) -6	th2 cytokines
stat-3 ser727	epinephrine
stat-6	il-4
stat1	dasatinib
stat1	jsi-124
stat1	pd98059
stat1	u0216
stat1	wp1066
stat3	cyclin d1
stat3	dasatinib
stat3	egfr
stat3	elements
stat3	flll32
stat3	il-6
stat3	promoter
stat3	sgp130
stat3	sil-6r
stat3	sil-6r × lps
steroid	estrogen receptor
steroid	p85
stx2	husap
stx2	lps
stx2	thrombin-antithrombin iii (tat) complex
stx2	thrombin-antithrombin iii (tat) complex, fibrinogen and plasminogen activator inhibitor-1(pai-1)
subcellular distribution of beta catenin	17-beta estradiol
sulfasalazine	lps-induced
sulforaphane	bcl-2
sulforaphane	foxo transcription factors [10]
sulforaphane	nrf2
sulforaphane	telomerase
superoxide	s6k1
suv39h1 histone methyltransferase	dnmt1
swi/snf	brca1
swi/snf	swi/snf chromatin
swi/snf chromatin	swi/snf
syk	fibrinogen
syk	pyk2
syk	tat-ct
syk	tnf-
syk	αiibβ3
syndecan-4	rac1
t-butanol	arno
t308	phosphoinoisitide-dependent kinase 1
t505	cisplatin
tail	cadherin
tail	p120
tail	src- and receptor tyrosine kinases
tak1	jnk1
tak1	nf-κb
tak1	trpv1
talin	cisplatin
talin	nf-kb
tam	mir-34b
tam-bound	er
tamoxifen	brca1
tamoxifen	mir-34b
tat	acth
tat	chloroquine
tat-ct	syk
tat-ct	tnf
tat-peptides	pi3-kinase
tat/fl-gsn gelsolin	gelsolin antibody
taxol	β-tubulin
tcdd	ahr
tcdd	aryl hydrocarbon receptor
tcdd	aryl hydrocarbon receptor (ahr) complex
tcdd	cd14
tcdd	cox-2
tcdd	cyp1a1
tcdd	dioxin
tcdd	mpp2
tcf-4	promoter
tcf-4	β-catenin
tcf/	β-catenin
tcf4	c-myc
tcf4	cd2+
tcf4	chop
tcf4	cyclin d1
tcf4	promoter
tcf4	tcf4 binding to cyclin d1
tcf4	β-catenin
tcf4 binding to cyclin d1	tcf4
tcrp1	metallothionein1x
tcrp1	mt1x
telomerase	ddi
telomerase	dideoxyinosine
telomerase	egfr
telomerase	sulforaphane
temozolomide	atr
terminus	crk
terminus	glut1
terminus	igg
terminus	rac1
terminus	rhogdi
terminus	sh3 domain
terminus	sh3 domain of β-pix
terminus	tms 6 and 7
tf klf9	gr
tfap2α	p21
tfap2α	tp53
tfdp-1	cdc2
tfs	region
tg(fli1:negfp	vegfr tyrosine kinase inhibitor
tgf-β	p21cip1
tgr5 - two known bas receptors	udca
tgr5 receptor	tudca
tgr5 receptor	udca
th2 cytokines	stat (signal transducer and activator of transcription) -6
thapsigargin	grp-78
theaflavins	fas
their nuclear receptors: retinoic acid receptors	all-trans-retinoic acid
thiols	cysteine
thiols	pimonidazole
thioredoxin peroxidase b	calycosin
thrombin-antithrombin iii (tat) complex	stx2
thrombin-antithrombin iii (tat) complex, fibrinogen and plasminogen activator inhibitor-1(pai-1)	stx2
thromboxane	thromboxane a2 receptors (tp receptors
thromboxane a2 receptors (tp receptors	thromboxane
thromboxane a2 receptors (tp receptors	u46619
thymidylate synthase	5-fluorouracil
thymidylate synthase	5-fu
thymidylate synthase	ato
tiam1 (fig. 1 b)	cooh
tie-2	dok-2
tie-2 receptor	dok-4
tissue factor	factor viia–tissue factor
titin	cooh
titin	ig-like domains
titin	obscurin
titin	obscurin–
titin domains	α-actinin
titin ig domains	obscurin
tlr-4	lps
tlr3	poly(ic)
tmp	cox-2
tmp	sp1
tmp	tnf-α
tms 6 and 7	terminus
tnf	cd
tnf	cox2/ptgs2
tnf	edn1
tnf	il13ra2
tnf	il24
tnf	il8
tnf	pi3k
tnf	pyk2
tnf	tat-ct
tnf mrna	dex
tnf receptors	pi3k
tnf receptors	tnf-α
tnf-	syk
tnf-r1	rassf5a
tnf-related apoptosis-inducing ligand (trail	trail-r1/dr4
tnf-related apoptosis-inducing ligand (trail	trail-r2/dr5
tnf-α	caspase-1
tnf-α	erk1/2, p38 and jnk [39,40]
tnf-α	icam-1
tnf-α	icam-i
tnf-α	il-1β
tnf-α	il-6
tnf-α	map kinases
tnf-α	mapk
tnf-α	mmps
tnf-α	nf-κb
tnf-α	nfκb
tnf-α	p42/44 mapk
tnf-α	pb
tnf-α	pkc
tnf-α	resveratrol
tnf-α	sirt1
tnf-α	tmp
tnf-α	tnf receptors
tnfrs10b	crocidolite asbestos
tnfrs10b	hydrogen peroxide
tnfα	il-1β
tnfα	p,p’-ddt
tnk2	cdc42
tnk2	gtp
tnt	hemoglobin
to	c-terminal antibody
tobacco specific carcinogen bpde	egfr
topflash	cd2+
topo-2α	foxm1
topo-2α gene	promoter
topo-2α gene	regions
topoisomerase ii	doxorubicin
tp53	tfap2α
tpa	erks
tpx2	ccne1
tpx2	cyclin e1
tpx2 gene	ccne1
tpβ [37]	rab 11
tr/	rxr
traf	domains
trail	death receptors dr4
trail	fkhrl1
trail	p21
trail	p27
trail	resveratrol
trail	vegf
trail-r1/dr4	tnf-related apoptosis-inducing ligand (trail
trail-r2/dr5	tnf-related apoptosis-inducing ligand (trail
tram [toll-interleukin-1 receptor domain containing adaptor protein-inducing interferon-β (trif)-related adaptor molecule	trif
trans-resveratrol	amp
trans-resveratrol	erks
transcription factor	dnm2
tre17	rac
trif	tram [toll-interleukin-1 receptor domain containing adaptor protein-inducing interferon-β (trif)-related adaptor molecule
triglyceride	mcp-1-deficiency
triglycerides	hdl)
triglycerides	nps
trio sr1 (fig. 2)	arf6
trkc	egfr
trolox c	mpges-1
trp80	pkb
trpv1	tak1
ts mrna	ts protein
ts protein	ts mrna
ts protein	tyms mrna
ts protein	zebrafish
tsa	hdac1
tsc2	mtorc1
tuba	neural wiskott-aldrich syndrome protein
tuba	zo-1
tudca	tgr5 receptor
tumor necrosis factor receptor-associated factor (traf	cd40
tumour-suppressor let-7 family	kras
tyms mrna	ts protein
tyrosine	bam32
tyrosine	egf
tyrosine	epha receptors
tyrosine	ephb2 receptors
tyrosine	frg
tyrosine	gab1
tyrosine	l858r
tyrosine	rasgap (
tyrosine	sh2 domain
tyrosine	β-hch
tyrosine-phosphorylated focal adhesion kinase (fak),*	src
tyrosine-phosphorylated p62dok 81317	ship1
u0126	egr-1
u0126	mek
u0126	psa
u0216	stat1
u373mg	celecoxib
u46619	cd38
u46619	naadp
u46619	thromboxane a2 receptors (tp receptors
ub	cpdt
ubiquitin	e-cadherin
udca	tgr5 - two known bas receptors
udca	tgr5 receptor
ugt1a1	brca1
ugt1a9	brca1
universally expressed membrane-associated cytoskeletal protein.31 full-length spectrin αii	caspase-3.33
universally expressed membrane-associated cytoskeletal protein.31 full-length spectrin αii	spectrin αii
upa	murine
upa	upar
upa	vn
upa-induced erk1/2	upar–vn
upar	erk
upar	integrin
upar	integrin heterodimers
upar	lrp-1
upar	lrp-1 antisense rna
upar	p130cas
upar	p130cas sd
upar	p130cas–crk complex
upar	p130cas–crkii
upar	pai-1
upar	pro-upa
upar	rac
upar	rac1
upar	smb domain
upar	smb domain of vn (fig. 2)
upar	smb domain of vn (fig. 3 b)
upar	upa
upar	upar in cytoskeletal regulation
upar	upar with integrins has been proposed to alter integrin
upar	upar–integrin
upar	upar–vn
upar	vitronectin
upar	vn
upar	vn and integrins
upar domain	upar domain d1
upar domain d1	upar domain
upar in cytoskeletal regulation	upar
upar with integrins has been proposed to alter integrin	upar
upar-mediated cell binding to vn independently of integrin	integrin
upar–integrin	integrin
upar–integrin	upar
upar–vn	upa-induced erk1/2
upar–vn	upar
upa–upar	vitronectin
ups	at1r
utlm cells exposed to e2	mapk
v-src	crk ips
v-src	fak
v-src	fak ips
v-src	fn-stimulated
v-src	fn-stimulated p190rhogap
v-src	p190rhogap
v12cdc42	v12rac1c189s
v12rac1c189s	v12cdc42
vanadium	il8
vascular endothelial growth factor (vegf	pb
vav	cd19
vav	p110
vav	pkcθ
vav	pkcθ (fig. 5)
vav	pleckstrin-homology
vav	rac1
vav	vav targets
vav and rac	pkcθ
vav targets	vav
vav2	cooh
vcam-1	region
vcam-1/vla-4	cd44
vdr	p53
vdr	promoter
vdr	regions
vdr	site
vdre [re1 (4)]	rxr heterodimers
ve-821	chk1
vegf	arsenic
vegf	b-raf
vegf	hif-1
vegf	p21
vegf	p53aip1
vegf	trail
vegf	vegfr-2
vegf-c	vegfr-3
vegfr tyrosine kinase inhibitor	tg(fli1:negfp
vegfr-2	c-cbl
vegfr-2	c-src
vegfr-2	iqgap1
vegfr-2	sh2-src
vegfr-2	src kinases
vegfr-2	vegf
vegfr-3	akt
vegfr-3	cpx
vegfr-3	erk1/2
vegfr-3	vegf-c
vegfr-3 in lecs	cpx
vegfr-3-mediated erk1/2 pathway	cpx
vegfr2	sod2
vilip-1	adenylyl
vilip-1	camp
vilip-1	cyclic nucleotides
vitronectin	rac
vitronectin	upar
vitronectin	upa–upar
vn	pro-upa
vn	upa
vn	upar
vn and integrins	upar
vn/14-1	rars (rarα
vn/14-1	rarα
vorinostat	dna-dependent protein kinase
wasp	arp3 protein
wasp	cdc42
wasp	cdc42 guanosine triphosphatase
wasp	erm proteins
wasp	intersectin 2
wasp	intersectin 2 sh3c and sh3e domains
wasp	nck
wasp	sh3 domain fusion proteins
wasp	sh3a
wasp	wasp-binding protein
wasp-binding protein	wasp
wave1	nap1
wave2	actin-related protein (arp) 2
wave2	fig. 6 f)
wave2	irsp53
wave2	pip3
wave2	pip3 and rac
wave2	rac
wave2 complex	irsp53
wave2 complex	pip3
wave2 molecules	abi1
wild type akt (wt-akt)	akt
wip	cdc42 guanosine triphosphatase
wiskott-aldrich syndrome protein (wasp) family, and vasodilator-stimulated phosphoprotein (vasp)	srf
with	bam32 ph domain
wortmannin	bar
wp1066	stat1
wr-1065	cyclin-dependent kinase inhibitor
wr-1065	p53
x/xo	cd38
xbp1	6-hydroxydopamine
xenoestrogens	erk
xenoestrogens	estrogen
xenoestrogens	mer
xenoestrogens	mir-34b
xiap	resveratrol
xl880	axl kinase
y-27632	rock
y27632	rock
yap	δnp63
yap mrna	p73
yap promoter	δnp63
yap protein	ppxy motif proteins
yb-1	ape1
yb-1	mdr1
yb-1	p300
yc-1	mir-210
yes	yes src tyrosine kinase 56
yes src tyrosine kinase 56	yes
ykl-40	res
ykl-40	resveratrol
ykl-40	sp1-family transcription factors
yohimbine	[3h]thymidine
z9-z10	obscurin
zcyp19a1	atr
zea	mir-34b
zeb	c-peptide
zeb	nm c-peptide
zeb	α1-subunit mrna
zeb-1	resveratrol
zebrafish	ts protein
zebularine	bcl-2
zebularine	hepg2
zebularine	p44
zebularine	p53
zebularine	pkr
zeranol	mir-34b
zinc	akt
zinc	ang ii
zinc	catalase
zinc	catalase protein
zinc	erk1/2
zinc	erk1/2 (fig. 1b)
zinc	human
zinc	nac
zinc	p21
zinc	ros
zinc	ros-dependent ang ii
zinc	znt10
zinc	znt3
zinc	znt3-gfp
zinc	znt3-myc
zinc	znt4-myc
zinc	znt5
zn	metallothionein 1 genes (
zn	s100a8/a9
znt10	zinc
znt10	znt3
znt3	catalase
znt3	zinc
znt3	znt10
znt3-gfp	zinc
znt3-myc	zinc
znt4-myc	zinc
znt5	zinc
zo-1	cadherin–catenin complex
zo-1	myosin
zo-1	tuba
zol	bxpc-3
µg/l) atr	aromatase
α- and β-catenins	e-cadherin
α-actinin	titin domains
α-actinin 4	rela
α-catenin	e-cadherin
α-catenin	p120
α-catenin	β-catenin
α-catenin	β-catenin and plakoglobin
α-nf	bap
α-p70s6k antibody	p85s6k
α1-subunit mrna	zeb
αiibβ3	csk
αiibβ3	fibrinogen
αiibβ3	src
αiibβ3	syk
β-actin	dmso
β-catenin	apc
β-catenin	cadherin
β-catenin	cd2+
β-catenin	cytoplasm
β-catenin	dhfr
β-catenin	e-cadherin
β-catenin	e-cadherin-catenin
β-catenin	gst-tcf4
β-catenin	lef-1
β-catenin	licl
β-catenin	microcystin-lr
β-catenin	p53
β-catenin	pge2
β-catenin	tcf-4
β-catenin	tcf/
β-catenin	tcf4
β-catenin	α-catenin
β-catenin	β-catenin/gsk3β
β-catenin and plakoglobin	α-catenin
β-catenin/gsk3β	β-catenin
β-hch	tyrosine
β-pix	cooh terminus of rac1
β-pix	rac1
β-tubulin	taxol
δ-catenin/nprap	juxtamembrane
δnp63	p63
δnp63	p73
δnp63	promoter
δnp63	yap
δnp63	yap promoter
